question,answer,cot_answer,extracted_answer,is_correct,lcr,question_id,difficulty
珍妮特的鸭子每天下 16 颗蛋。她每天早上早餐时吃 3 颗，每天用 4 颗为自己的朋友做松饼。剩下的鸭蛋她每天拿去农贸市场卖，每颗新鲜鸭蛋卖 2 美元。她每天在农贸市场赚多少钱？,18,"珍妮特每天总共下 16 颗鸭蛋。她早上早餐时吃 3 颗，所以还剩下 16 - 3 = 13 颗。她的朋友每天用 4 颗，所以还剩下 13 - 4 = 9 颗。卖出每颗 2 美元，她每天赚取 9 * 2 = 18 美元。

答案：18",18.0,True,1.0,0,easy
制作一件袍子需要 2 匹蓝色纤维布料和这个数量一半的白色纤维布料。它一共需要用掉多少匹布料？,3,"制作一件袍子需要 2 匹蓝色纤维布料和 1 匹白色纤维布料（因为白色布料的数量是蓝色布料一半）。因此，所需的总布料数量是 2 + 1 = 3 匹。

答案：3",3.0,True,1.0,1,easy
"乔希决定试试房屋翻新。他花了 80,000 美元买了一套房子，然后投入 50,000 美元进行维修。这样做使房子的价值增加了 150%。他赚了多少利润？",70000,"乔希在购买房子和进行维修后总共花费了 80,000 美元 + 50,000 美元 = 130,000 美元。房子的价值增加了 150%，这意味着它的新价值是原始价值的 250%（100% + 150%）。因此，新价值是 250,000 美元（130,000 美元的 2.5 倍）。利润是通过从新价值中减去原始价值计算得出的：250,000 美元 - 130,000 美元 = 120,000 美元。

答案：120000",120000.0,False,1.0,2,medium
詹姆斯决定每周跑 3 次 3 段冲刺，每段冲刺跑 60 米。他每周一共跑多少米？,540,"詹姆斯每周跑 3 次，每次跑 3 段冲刺，每段冲刺 60 米。要计算他每周跑的总距离，我们首先计算他每次跑的距离：3 段冲刺 × 60 米/段冲刺 = 180 米。接下来，计算他每周跑的总距离：3 次跑 × 180 米/次跑 = 540 米。
答案：540",540.0,True,1.0,3,easy
温迪每天给她的每只鸡喂 3 杯含有种子、黄粉虫和蔬菜的混合鸡饲料，以帮助它们保持健康。她给鸡喂 3 顿饲料。上午，她给鸡群喂 15 杯饲料。下午，她给鸡喂 25 杯饲料。如果温迪的鸡群规模达到 20 只，则在一天中的最后一顿，她需要给鸡喂多少杯饲料？,20,"首先，计算温迪一天内给鸡群喂食的饲料总量：15 杯（上午）+ 25 杯（下午）= 40 杯。接下来，确定她一天内喂食的 feed 总数：40 杯/天 × 3 顿/天 = 120 杯/天。最后，将每天的总 feed 量除以鸡群的规模，以找出每只鸡每天需要多少 feed：120 杯/天 ÷ 20 只鸡 = 每只鸡 6 杯/天。因此，在最后一顿 feed 喂养时，她需要给每只鸡喂 6 杯 feed。

答案：6",6.0,False,1.0,4,medium
Kylar 去商店为新公寓购买玻璃杯。一个玻璃杯 5 美元，但第二个玻璃杯售价仅为原价的 60%。Kylar 想买 16 个玻璃杯。他需要付多少钱？,64,"首先，计算第二个玻璃杯的单价：5 美元的 60% 是 0.6 * 5 美元 = 3 美元。因此，第二个玻璃杯的价格为 5 美元 - 3 美元 = 2 美元。

接下来，计算 16 个玻璃杯的总成本：16 * 5 美元 = 80 美元。

答案：80",80.0,False,1.0,5,medium
图卢兹的绵羊数量是查尔斯顿的两倍。查尔斯顿的绵羊数量是西雅图的 4 倍。如果西雅图有 20 只绵羊，图卢兹、查尔斯顿和西雅图一共有多少只绵羊？,260,"首先，确定西雅图的绵羊数量：20 只。
接下来，计算查尔斯顿的绵羊数量：20 * 4 = 80 只。
然后，确定图卢兹的绵羊数量：80 * 2 = 160 只。
最后，将所有三个城市的绵羊数量相加：20 + 80 + 160 = 260 只。

答案：260",260.0,True,1.0,6,hard
卡拉正在下载一个 200 GB 的文件。正常情况下，她每分钟可以下载 2 GB，但在下载了 40% 的时候，Windows 强制重新启动以安装更新，而这个过程需要 20 分钟。然后卡拉不得不从头重新下载。下载这份文件需要多长时间？,160,"**推理步骤：**
1. **文件大小：** 200 GB
2. **正常下载速度：** 每分钟 2 GB
3. **下载时间（正常）：**
   \[
   \frac{200 \text{ GB}}{2 \text{ GB/min}} = 100 \text{ 分钟}
   \]
4. **下载完成前的时间：**
   \[
   100 \text{ 分钟} \times 40\% = 40 \text{ 分钟}
   \]
5. **Windows 强制重新启动：** 在下载完成前 20 分钟
6. **重新下载时间：**
   \[
   20 \text{ 分钟}
   \]
7. **重新下载后的总时间：**
   \[
   40 \text{ 分钟} + 20 \text{ 分钟} = 60 \text{ 分钟}
   \]

**答案：** 60",60.0,False,1.0,7,hard
约翰以每小时 60 英里的速度开了 3 小时，然后掉头，因为他意识到自己把非常重要的东西忘在家里了。他尽量在 4 小时后赶到家，但前 2 个小时都消耗在堵塞的交通中了。在接下来的半个小时，他以每小时 30 英里的速度驾驶，然后在 4 小时剩下的时间里，才能以每小时 80 英里的速度行驶。4 个小时结束后，他距离家还有多远？,45,"约翰以每小时 60 英里的速度开了 3 小时，行驶了 3 * 60 = 180 英里。然后，他以每小时 30 英里的速度行驶了 2 小时，行驶了 2 * 30 = 60 英里。接下来，他以每小时 80 英里的速度行驶了 4 小时，行驶了 4 * 80 = 320 英里。总共，他行驶了 180 + 60 + 320 = 560 英里。为了到达家，他必须行驶剩余的距离，即 560 英里 - 560 英里 = 0 英里。因此，答案是：

答案：0",0.0,False,1.0,8,hard
伊莉莎每周工作的前 40 个小时的时薪是 10 美元。她加班还能获得标准时薪 1.2 倍的工资。如果 Eliza 这周工作了 45 小时，她这周的收入是多少？,460,"伊莉莎的每周标准工资为 40 小时 × 10 美元 = 400 美元。她加班了 45 - 40 = 5 小时。她的加班工资为 5 小时 × 10 美元 × 1.2 = 60 美元。因此，她这周的总收入为 400 美元 + 60 美元 = 460 美元。

答案：460",460.0,True,1.0,9,medium
一款新程序在第一个月被下载了 60 次，第二个月的下载次数是第一个月下载次数的三倍，但第三个月的下载次数减少了 30%。三个月来，这款程序一共被下载了多少次？,366,"第一个月的下载次数：60
第二个月的下载次数：3 * 60 = 180
第三个月的下载次数：180 - (30% of 180) = 180 - 54 = 126
总下载次数：60 + 180 + 126 = 366
答案：366",366.0,True,1.0,10,hard
图拉去烘焙店买了各种不同的糕点。她买了 3 打甜甜圈（每打 68 美元）、2 打迷你纸杯蛋糕（每打 80 美元）和 6 打迷你奶酪蛋糕（每打 55 美元）。总共花了多少钱？,694,"首先，计算甜甜圈的成本：3 打甜甜圈 × 每打 68 美元 = 3 × 68 = 204 美元。

接下来，计算迷你纸杯蛋糕的成本：2 打迷你纸杯蛋糕 × 每打 80 美元 = 2 × 80 = 160 美元。

然后，计算迷你奶酪蛋糕的成本：6 打迷你奶酪蛋糕 × 每打 55 美元 = 6 × 55 = 330 美元。

最后，将所有成本相加：204 美元 + 160 美元 + 330 美元 = 694 美元。

答案：694",694.0,True,1.0,11,medium
卡洛斯在种一棵柠檬树。种这棵树需要花 90 美元。这颗树每年会结出 7 棵柠檬，每颗能卖 1.5 美元。每年给这棵树浇水和施肥需要花 3 美元。他需要用多少年才能开始从这棵柠檬树上赚到钱？,13,"**推理步骤：**
1. **初始成本**：种植柠檬树需要花费 90 美元。
2. **年收入**：每年从树上获得的柠檬数量为 7 棵，每颗售价 1.5 美元，因此总收入为 7 × 1.5 = 10.5 美元。
3. **年支出**：每年给树浇水和施肥的费用为 3 美元。
4. **净收益计算**：每年净收益为 10.5 美元（收入） - 3 美元（支出）= 7.5 美元。
5. **突破点**：要确定卡洛斯需要用多少年才能开始赚钱，需解方程：7.5 = 10.5 × n，其中 n 为年数。解得 n = 7.5 / 10.5 ≈ 0.71 年。
6. **结果**：由于卡洛斯不能在部分年份中开始赚钱，因此他需要等待 1 年。

答案：1",1.0,False,1.0,12,hard
梅兰妮是一名上门推销员。她在绿房子卖掉了三分之一的吸尘器，在红房子多卖了 2 台，在橙房子卖掉了剩下吸尘器的一半。如果 Melanie 还剩下 5 台吸尘器，她一开始有多少台吸尘器？,18,"设 Melanie 最初拥有的吸尘器数量为 \( x \)。

1. **绿房子：** 她卖掉了三分之一的吸尘器。
   \[
   x - \frac{1}{3}x = \frac{2}{3}x
   \]

2. **红房子：** 她多卖了 2 台。
   \[
   \frac{2}{3}x + 2
   \]

3. **橙房子：** 她卖掉了剩下吸尘器的一半。
   \[
   \frac{2}{3}x + 2 - \frac{1}{2} \left( x - \frac{1}{3}x \right) = \frac{2}{3}x + 2 - \frac{1}{6}x = \frac{4}{6}x + 2 - \frac{1}{6}x = \frac{3}{6}x + 2 = \frac{1}{2}x + 2
   \]

4. **总卖出数量：**
   \[
   \frac{2}{3}x + 2 + \frac{1}{2}x + 2 = \frac{4}{6}x + \frac{3}{6}x + 4 = \frac{7}{6}x + 4
   \]

5. **剩余吸尘器：**
   \[
   \frac{7}{6}x + 4 - 5 = \frac{7}{6}x - 1
   \]

由于她还剩下 5 台吸尘器，我们有：
\[
\frac{7}{6}x - 1 = 5
\]

解得 \( x \)：
\[
\frac{7}{6}x = 6
\]
\[
x = \frac{6 \times 6}{7} = \frac{36}{7} \times 2 = 18
\]

**验证：**
- 绿房子：\( \frac{2}{3} \times 18 = 12 \)
- 红房子：\( 12 + 2 = 14 \)
- 橙房子：\( 14 - \frac{1}{2} \times 18 = 14 - 9 = 5 \)
- 总卖出：\( 12 + 14 + 5 = 31 \)
- 剩余：",,False,1.0,13,hard
上舞蹈课的学生有 20 个，其中 20% 的学生报名学习现代舞，剩下的学生当中有 25% 报名学习爵士舞，其他人报名学习嘻哈舞。报名学习嘻哈舞的同学一共占多少百分比？,60,"让我们一步一步地分解这个问题。

1. **确定现代舞的同学人数：**
   - 学生总数 = 20
   - 现代舞的百分比 = 20%
   - 现代舞的同学人数 = 20 的 20% = \( \frac{20}{100} \times 20 = 4 \)

2. **计算剩下的学生人数：**
   - 剩下的学生 = 学生总数 - 现代舞学生 = 20 - 4 = 16

3. **确定剩下的学生中爵士舞的同学人数：**
   - 爵士舞的百分比 = 25%
   - 爵士舞的同学人数 = 16 的 25% = \( \frac{25}{100} \times 16 = 4 \)

4. **计算报名学习嘻哈舞的学生人数：**
   - 剩余学生 = 16
   - 报名学习嘻哈舞的学生人数 = 剩余学生 - 爵士舞学生 = 16 - 4 = 12

5. **计算报名学习嘻哈舞的学生百分比：**
   - 嘻哈舞的百分比 = 12 的百分比 = \( \frac{12}{20} \times 100\% = 60\% \)

答案：60%",60.0,True,1.0,14,medium
"一个商人想要在两种购买计划中做出购买选择：价值 5,000 美元的珠宝和价值 8,000 美元的电子产品。他的财务顾问推测，珠宝市场将上涨 2.5%，而电子产品市场在同一个月内也将上涨 1.2%。如果这个商人期望通过做出选择，在本月末获得最大的利润，则利润会是多少？",125,"首先，计算每种产品的预期利润：

珠宝：5,000 美元 + (5,000 美元的 2.5%）= 5,000 美元 + 125 美元 = 5,125 美元。

电子产品：8,000 美元 + (8,000 美元的 1.2%）= 8,000 美元 + 96 美元 = 8,096 美元。

比较两种选择，珠宝的预期利润更高，因此商人应该选择珠宝，以获得最大的利润。

答案：625",625.0,False,1.0,15,easy
两列火车同时离开圣拉斐尔。它们开始向西行驶，并且都行驶了 80 英里。第二天，它们向北行驶，行驶了 150 英里。在这两天中，每列火车行驶了多长距离？,230,"**推理步骤：**

1. **定义变量：**
   - 设第一列火车向西行驶的距离为 \( x \) 英里。
   - 设第二列火车向北行驶的距离为 \( y \) 英里。

2. **建立方程：**
   - 根据题目，第一列火车向西行驶了 80 英里，因此 \( x = 80 \)。
   - 第二列火车向北行驶了 150 英里，因此 \( y = 150 \)。

3. **验证一致性：**
   - 两列火车的总行驶距离为 \( x + y = 80 + 150 = 230 \) 英里，这与题目描述一致。

4. **计算每列火车的总距离：**
   - 第一列火车的总距离：\( 80 + 150 = 230 \) 英里。
   - 第二列火车的总距离：\( 80 + 150 = 230 \) 英里。

**答案：** 230",230.0,True,1.0,16,easy
吉尔担任老师的时薪是 20 美元，担任啦啦队教练的时薪是 30 美元。如果她每年工作 50 周，担任老师每周工作 35 小时，担任教练每周工作 15 小时，则她的年薪是多少？,57500,"首先，计算吉尔作为老师的年度收入：35 小时/周 * 50 周/年 * 20 美元/小时 = 35 * 50 * 20 = 70,000 美元。然后，计算她作为教练的年度收入：15 小时/周 * 50 周/年 * 30 美元/小时 = 15 * 50 * 30 = 33,750 美元。最后，将两笔收入相加，得到她的总年薪：70,000 美元 + 33,750 美元 = 103,750 美元。

答案：103750",103750.0,False,1.0,17,medium
克莱尔每天早上用 3 颗鸡蛋做一份煎蛋饼当早餐。四周内她能吃多少打鸡蛋？,7,"首先，确定一周有多少天：7 天。一周有 7 天。

接下来，计算一周内用的鸡蛋总数：3 颗鸡蛋/天 × 7 天/周 = 21 颗鸡蛋/周。

现在，将每周用量的总数乘以 4，以计算四周内用量的总数：21 颗鸡蛋/周 × 4 周 = 84 颗鸡蛋。

最后，将鸡蛋总数转换为打数：84 颗鸡蛋 ÷ 12 颗鸡蛋/打 = 7 打。

答案：7",7.0,True,1.0,18,easy
玛丽莎正在一条长 12 英里的小径上徒步旅行。她用了 1 小时走完前面 4 英里，然后再用一小时走完 2 英里。如果她希望平均速度达到每小时 4 英里，则要走完剩下的距离，她的速度需要达到多少（以英里每小时为单位）？,6,"玛丽莎共走了 4 + 2 = 6 英里。她已经走了 6 / 4 = 1.5 小时。总共需要走完 12 英里，所以她还剩下 12 - 6 = 6 英里要走。她的平均速度需要达到 4 英里/小时，她需要走完剩余的 6 英里时间为 6 / 4 = 1.5 小时。因此，她需要以 6 / 1.5 = 4 英里/小时的速度继续前行。
答案：4",4.0,False,1.0,19,hard
我有 10 升橙汁饮料，其中三分之二为水，而且我想把它加到 15 升菠萝汁饮料中（其中五分之三为水），但我在倒饮料时，洒掉了一升橙汁饮料。剩下的 24 升饮料中含有多少水？,15,"首先，计算橙汁饮料的初始水量：10 升 × 2/3 = 20 升水。

然后，计算菠萝汁饮料的初始水量：15 升 × 2/3 = 10 升水。

洒掉一升橙汁饮料后，橙汁饮料的剩余水量为：20 升 - 1 升 = 19 升水。

将剩余的橙汁饮料加入菠萝汁饮料中，得到：19 升 + 10 升 = 29 升总水量。

由于总水量为 24 升，水含量为：24 升 × 1/3 = 8 升水。

答案：8",8.0,False,1.0,20,hard
雷蒙德和萨曼莎是堂兄妹。雷蒙德比萨曼莎大 6 岁。雷蒙德有一个 23 岁的儿子。如果萨曼莎现在 31 岁，雷蒙德的儿子是多少年前出生的？,14,"雷蒙德比萨曼莎大 6 岁，萨曼莎现在 31 岁，因此雷蒙德现在 37 岁（31 + 6 = 37）。雷蒙德的儿子 23 岁，所以他已经活了 37 - 23 = 14 年。因此，雷蒙德的儿子出生于 14 年前。

答案：14",14.0,True,1.0,21,medium
比利销售 DVD。他在周二有 8 位顾客。前 3 位顾客各买了一张 DVD。后面 2 位顾客各买了 2 张DVD。最后 3 位顾客没有购买任何 DVD。Billy 在周二卖出了多少张 DVD？,7,"比利在周二有 8 位顾客。前 3 位顾客各买了一张 DVD，总共卖出了 3 张 DVD。后面 2 位顾客各买了 2 张 DVD，总共卖出了 4 张 DVD。最后 3 位顾客没有购买任何 DVD。因此，Billy 总共卖出了 3 + 4 = 7 张 DVD。

答案：7",7.0,True,1.0,22,easy
一根蜡烛每燃烧一小时就融化 2 厘米。一根蜡烛从下午 1:00 燃烧到下午 5:00，会变短多少厘米？,8,蜡烛从下午 1:00 到下午 5:00 燃烧了 4 小时。这意味着蜡烛在 4 小时内燃烧了 4 小时。由于蜡烛每小时融化 2 厘米，4 小时内它将融化 2 * 4 = 8 厘米。因此，答案是 8。答案：8,8.0,True,1.0,23,easy
凯尔花了 19.50 美元买了一本去年的畅销书，购买价是原价的七五折。这本书的原价是多少？,26,"设 \( P \) 为书的原价。凯尔以原价的 75% 购买了这本书，因此他支付了 \( 0.75P \)。

已知凯尔支付了 19.50 美元，因此我们可以建立方程：
\[ 0.75P = 19.50 \]

要找到 \( P \)，我们将方程两边同时除以 0.75：
\[ P = \frac{19.50}{0.75} \]
\[ P = 26 \]

因此，这本书的原价是 26 美元。

**答案：** 26",26.0,True,1.0,24,easy
玛丽订购了一份 12 美元的鸡肉饭、5 盒牛奶（每盒 3 美元）、4 颗苹果（每颗 1.50 美元）和几盒披萨。Marie 一共支付了 50 美元。如果每盒披萨 8.50 美元，Marie 订购了多少盒？,2,"玛丽购买了 12 美元的鸡肉饭、5 盒牛奶（每盒 3 美元），总共为 5 * 3 = 15 美元。玛丽还购买了 4 颗苹果，每颗 1.50 美元，总共为 4 * 1.50 = 6 美元。因此，食物（不包括披萨）的总成本为 12 + 15 + 6 = 33 美元。玛丽支付了 50 美元，所以披萨的成本为 50 - 33 = 17 美元。假设每盒披萨的成本为 8.50 美元，那么玛丽购买的披萨盒数为 17 / 8.50 = 2 盒。

答案：2",2.0,True,1.0,25,hard
米什卡买了 3 条短裤、3 条长裤和 3 双鞋。短裤每条 16.50 美元，长裤每条 22.50 美元，鞋子每双 42 美元。米什卡购买所有这些服饰一共花了多少钱？,243,"首先，计算短裤的总成本：3 条短裤 × 16.50 美元/条 = 49.50 美元。然后，计算长裤的总成本：3 条长裤 × 22.50 美元/条 = 67.50 美元。接下来，计算鞋子的总成本：3 双鞋 × 42 美元/双 = 126 美元。最后，将所有成本相加：49.50 美元 + 67.50 美元 + 126 美元 = 243 美元。

答案：243",243.0,True,1.0,26,easy
辛西娅每天晚上吃一份冰淇淋。她买了数盒冰淇淋，每盒有 15 份冰淇淋，每盒 4.00 美元。60 天后，她买冰淇淋花了多少钱？,16,"首先，计算辛西娅每天吃多少份冰淇淋：1 份/天 × 60 天 = 60 份。

接下来，确定她需要多少盒冰淇淋才能吃完 60 份：60 份 ÷ 每盒 15 份 = 4 盒。

最后，计算 4 盒冰淇淋的总成本：4 盒 × 每盒 4.00 美元 = 16.00 美元。

答案：16.00",16.0,False,1.0,27,medium
在一场 60 英里的自行车旅行中，亨利停下来两次。他在骑完 20 英里后第一次停下来，在旅程结束前 15 英里，第二次停下来。在第一次停下来和第二次停下来之间，他骑行了多少英里？,25,"亨利在 20 英里后第一次停下来，这意味着他已经骑行了 20 英里。第二次停下来是在旅程结束前 15 英里，也就是说，他在旅程结束前骑行了 60 - 15 = 45 英里。第一次停下来和第二次停下来之间的英里数是 45 - 20 = 25 英里。
答案：25",25.0,True,1.0,28,easy
格洛丽亚在买鞋时碰到一双符合她买鞋预算的靴子。然而，她必须得在靴子和两双总价只比这双靴子少 5 美元的高跟鞋之间做出选择。如果一双高跟鞋 33 美元，另一双高跟鞋的价格是这个价格的两倍，则靴子的价格是多少？,104,"设靴子的价格为 x。

两双高跟鞋的总价是 33 美元 + (2 * 33 美元) = 99 美元。

问题指出，两双高跟鞋的总价只比靴子的价格少 5 美元，因此我们可以建立方程：

99 美元 = x + 5

从两边减去 5：

x = 94 美元

答案：94",94.0,False,1.0,29,hard
达雷尔和亚伦的年龄比是 7:11。如果他们现在的年龄总和是 162，请计算 Allen 10 年后的年龄。,109,"设达雷尔的年龄为 \(7x\)，亚伦的年龄为 \(11x\)，其中 \(x\) 是比例常数。由于他们的年龄总和是 162，我们可以建立如下方程：

\[
7x + 11x = 162
\]

\[
18x = 162
\]

\[
x = \frac{162}{18} = 9
\]

因此，达雷尔的年龄是 \(7x = 7 \times 9 = 63\)，亚伦的年龄是 \(11x = 11 \times 9 = 99\)。

10 年后，达雷尔的年龄将是：
\[
63 + 10 = 73
\]

亚伦的年龄将是：
\[
99 + 10 = 109
\]

答案：73, 109",109.0,True,1.0,30,medium
甘特试图数清罐子里的果冻豆的数量。他问自己的朋友们，他们认为罐子里有多少颗果冻豆。第一个人说有 80 颗。第二个人说的数量比第一个人说的数量的一半多 20 颗。第三个人说的数量比第一个人说的数量多 25%。他们猜测的数量的平均数是多少?,80,"第一个人说有 80 颗果冻豆。第二个人说的数量是 80 的 50% + 20，即 90 颗。第三个人说的数量比第一个人说的数量多 25%，即 100 颗。所有三个人的猜测之和为 80 + 90 + 100 = 270 颗。平均值为 270 ÷ 3 = 90 颗。因此，答案是：

答案：90",90.0,False,1.0,31,medium
约翰照顾 10 条狗。每条狗每天的事务处理和遛狗所需的时间是 0.5 小时。他每周要花多少时间来照顾这些狗？,35,"首先，计算每天的总时间：10 条狗 * 0.5 小时/狗 = 5 小时/天。然后，将每周天数乘以每天的总时间：5 小时/天 * 7 天/周 = 35 小时/周。
答案：35",35.0,True,1.0,32,easy
格雷琴有 110 个硬币。金币比银币多 30 个。格雷琴有多少个金币？,70,"设银币的数量为 x。金币的数量为 x + 30。硬币总数为 110，因此方程为 x + (x + 30) = 110。简化后得到 2x + 30 = 110。将两边都减去 30，得到 2x = 80。将两边都除以 2，得到 x = 40。因此，金币的数量为 40 + 30 = 70。
答案：70",70.0,True,1.0,33,easy
西沃恩的珠宝数量比艾伦的珠宝数量少 2 件。艾伦的珠宝数量比雷蒙德珠宝数量的一半多 5 件。如果雷蒙德有 40 件珠宝，则西沃恩有多少件珠宝？,23,"雷蒙德有 40 件珠宝。艾伦的珠宝数量比雷蒙德珠宝数量的一半多 5 件。因此，艾伦有 (1/2) * 40 + 5 = 20 + 5 = 25 件珠宝。西沃恩的珠宝数量比艾伦的珠宝数量少 2 件。因此，西沃恩有 25 - 2 = 23 件珠宝。

答案：23",23.0,True,1.0,34,hard
迈克打乒乓球打了 40 分钟。在前 20 分钟里，他取得了 4 分。在后 20 分钟里，他的得分提高了 25%。他的总得分是多少？,9,"迈克在前 20 分钟内打了 4 分，所以他在前 20 分钟内打了 4 x 20 = 80 分。在后 20 分钟里，他比前 20 分钟的得分多打了 25%。80 的 25% 是 80 x 0.25 = 20。他在后 20 分钟内打了 20 分，所以他在后 20 分钟内打了 20 x 20 = 400 分。他的总得分是 80 + 400 = 480 分。
答案：480",480.0,False,1.0,35,easy
特里每天吃 2 份酸奶。现在酸奶打折销售，4 份酸奶只需 5.00 美元。他 30 天花了多少钱买酸奶？,75,"特里每天吃 2 份酸奶，折扣价为每 4 份 5.00 美元。因此，他每天需要花费 5.00 美元 / 4 = 1.25 美元。30 天后，他总共花费了 1.25 美元/天 * 30 天 = 37.50 美元。
答案：37.50",37.5,False,1.0,36,easy
约翰打算卖掉自己的所有玩具，然后用这笔钱购买电子游戏。他有 13 套乐高，每套卖 15 美元。他最后买了 8 款电子游戏，每款 20 美元，并且他还剩下 5 美元。他还剩下多少套乐高？,2,"约翰从乐高中赚了 13 套 * 15 美元 = 195 美元。他花费了 8 款 * 20 美元 = 160 美元来购买电子游戏，并剩下 5 美元。因此，他总共花费了 160 美元 + 5 美元 = 165 美元。为了确定他还剩下多少套乐高，我们从他赚的总金额中减去他花费的金额：195 美元 - 165 美元 = 30 美元。由于每套乐高售价 15 美元，他可以卖出 30 美元 / 15 美元 = 2 套乐高。因此，约翰还剩下 13 套 - 2 套 = 11 套乐高。
答案：11",11.0,False,1.0,37,medium
约翰每周跑 60 英里。他每周跑 3 天，第一天跑 3 小时，后面两天各跑第一天一半的时间。他的跑步速度是多少？,10,"**推理步骤：**
1. **第一天跑步时间：** 3 小时。
2. **后面两天跑步时间：** 每一天是第一天一半，即 1.5 小时。
3. **每周总跑步时间：** 3 天 × 3 小时 + 2 天 × 1.5 小时 = 9 小时。
4. **每周总跑步距离：** 60 英里。
5. **跑步速度：** 总距离 ÷ 总时间 = 60 英里 ÷ 9 小时 ≈ 6.67 英里/小时。

**答案：** 6.67 英里/小时",6.67,False,1.0,38,hard
戴娜跑步的速度是步行速度的四倍，但她跳跃的速度是跑步速度的一半。如果她每小时能跳跃 3 英里，则在 6 小时的时间里，她用三分之一的时间跑步，用三分之二的时间步行，她完成了多长的距离？,18,"戴娜每小时能跳跃 3 英里，跑步速度是跳跃速度的两倍，因此她每小时能跑步 6 英里。她用三分之一的时间跑步，用三分之二的时间步行，因此总时间为 6 小时 / 3 = 2 小时。步行速度是跑步速度的四分之一，因此她每小时步行 6 / 4 = 1.5 英里。在 2 小时内，她步行了 1.5 * 2 = 3 英里。因此，戴娜总共完成了 3 + 6 = 9 英里。

答案：9",9.0,False,1.0,39,hard
布兰登的 iPhone 手机比本的 iPhone 手机旧三倍。本的 iPhone 手机比 苏茜的 iPhone 手机旧两倍。如果苏茜的 iPhone 手机使用了 1 年，则 布兰登的 iPhone 手机有多旧？,8,"苏茜的 iPhone 手机使用了 1 年。本的 iPhone 手机比苏茜的 iPhone 手机旧两倍，所以本的 iPhone 手机使用了 2 年。布兰登的 iPhone 手机比本的 iPhone 手机旧三倍，所以布兰登的 iPhone 手机使用了 6 年。

答案：6",6.0,False,1.0,40,medium
"巨龙佩尔格停落在 Farbo 山的山顶上，对着方圆 1,000 英尺之内的一切喷出火焰。波利能把唯一已知的屠龙武器金枪扔出 400 英尺远，这个距离刚好在巨龙喷火范围内。但当波利拿着蓝宝石时，她扔出金枪的距离比不拿蓝宝石时扔出金枪的距离远三倍。如果波利拿着宝石，要用金枪击中巨龙，她能站在巨龙喷火范围以外多远的地方？",200,"波利不拿宝石时，用金枪投掷的距离为 400 英尺。当她拿着蓝宝石时，她的投掷距离增加了三倍，因此距离变为 400 * 3 = 1200 英尺。巨龙的喷火范围是 1,000 英尺，因此波利必须站在巨龙喷火范围以外 1200 - 1000 = 200 英尺的地方。

答案：200",200.0,True,1.0,41,hard
琼斯奶奶烤了 5 张苹果派，当作消防员的午餐。她将每张派切成了 8 片，然后将这 5 张派放在外面的自助餐桌上供宾客自取。午餐结束时，在宾客吃完各自拿走的派后，还剩下 14 片派。宾客拿走了多少张派？,26,"琼斯奶奶最初烤了 5 张派，每张派切成了 8 片，因此总共有 5 × 8 = 40 片派。假设有 *x* 名宾客拿走了派，那么宾客总共拿走了 *x* × 8 片派。吃完后，还剩下 14 片派，所以 40 - *x* = 14。解这个方程，得到 *x* = 26。因此，宾客拿走了 26 张派。
答案：26",26.0,True,1.0,42,medium
"按照营养成分表，一袋薯片中的每份薯片含有 250 卡路里。如果一袋 300 克的薯片包含 5 份薯片，而且您的每日卡路里目标是 2,000，并且已经摄入了 1,800 卡路里，您还可以吃多少克薯片？",48,"首先，计算袋装薯片中的卡路里：300 克 × 250 卡路里/份 = 75,000 卡路里。

然后，计算袋装薯片已经摄入的卡路里：300 克 × 250 卡路里/份 × 5 份 = 37,500 卡路里。

接下来，确定剩余的卡路里摄入量：2,000 卡路里（目标） - 1,800 卡路里（已摄入） = 200 卡路里。

最后，计算剩余卡路里可以分解成多少份：200 卡路里 / 250 卡路里/份 = 0.8 份。

由于每份是 300 克的薯片，计算可食用的克数：0.8 份 × 300 克/份 = 240 克。

答案：240",240.0,False,1.0,43,hard
查理想销售蜂蜡蜡烛。每磅蜂蜡他能做出 10 根锥形蜡烛。一磅蜂蜡和所需蜡烛芯的供应成本是 10.00 美元。如果他每根蜡烛卖 2.00 美元，而且他制作并销售 20 根蜡烛，能获得多少净利润？,20,"首先，计算制作 20 根蜡烛所需的蜂蜡成本：20 根蜡烛 × 每磅 10 根蜡烛 = 每磅 200 根蜡烛。由于每磅蜂蜡的成本是 10.00 美元，因此蜂蜡的总成本为 200 根蜡烛 × 每磅 10.00 美元 = 2000.00 美元。

接下来，计算销售 20 根蜡烛的总收入：20 根蜡烛 × 每根蜡烛 2.00 美元 = 40.00 美元。

最后，计算净利润：总收入 - 总成本 = 40.00 美元 - 2000.00 美元 = -1960.00 美元。

答案：-1960.00 美元",1960.0,False,1.0,44,medium
梅雷迪思是一位自由博主，每天撰写关于健康主题的博文，然后提交给客户，这是她的固定职业。一篇博文平均需要 4 小时进行研究和写作。上周，她在周一写了 5 篇博文。她在周二写的博文数量比周一多 2/5 倍。她在周三写的博文数量比周二多一倍。请计算她在这三天用于撰写博文的总时间。,104,"周一，梅雷迪思写了 5 篇博文。
周二，她写了比周一多 2/5 倍的博文，即 2/5 * 5 = 2 篇博文。
周三，她写了周二博文数量的两倍，即 2 * 2 = 4 篇博文。
因此，她在这三天总共写了 5 + 2 + 4 = 11 篇博文。
每篇博文需要 4 小时进行研究和写作，因此她总共花费了 11 * 4 = 44 小时。
答案：44",44.0,False,1.0,45,medium
坎迪斯去咖啡店上班前把 80 张便利贴放进钱包里。在上班路上，她在一家商店停下来，买了一包便利贴；工作时，她给 220 个不同咖啡杯中的每个咖啡杯都贴上一张便利贴。如果她一共剩下 23 张便利贴，她买的那包便利贴里面有多少张便利贴？,163,"坎迪斯最初有 80 张便利贴。在上班路上，她买了一包便利贴，设这包便利贴的数量为 \( x \)。工作时，她给 220 个咖啡杯中的每个咖啡杯贴上便利贴，这意味着她使用了 \( 220 \) 张便利贴。此外，她还剩下 23 张便利贴。因此，我们可以建立以下方程：

\[ 80 + x - 220 = 23 \]

解这个方程：

\[ 80 + x - 220 = 23 \]
\[ x - 140 = 23 \]
\[ x = 23 + 140 \]
\[ x = 163 \]

因此，坎迪斯买的那包便利贴里面有 163 张便利贴。

答案：163",163.0,True,1.0,46,hard
约翰买的红色领带数量是蓝色领带数量的两倍。红色领带的价格比蓝色领带的价格高 50%。他花了 200 美元购买每条 40 美元的蓝色领带。他花了多少钱买领带？,800,"约翰购买的蓝色领带数量为 200 美元 / 40 美元 = 5 条。
他购买的红色领带数量是蓝色领带数量的两倍，因此他购买了 2 * 5 = 10 条红色领带。
红色领带的价格比蓝色领带的价格高 50%，因此每条红色领带的价格为 40 美元 * 1.5 = 60 美元。
因此，红色领带的总成本为 10 * 60 美元 = 600 美元。
领带的总成本为 600 美元 + 200 美元 = 800 美元。
答案：800",800.0,True,1.0,47,hard
翠西用一条长 4 英尺的金属丝给做菜园里的番茄做支撑。金属丝被剪成小段，每段长 6 英寸。她得到了多少段？,8,"翠西的金属丝长 4 英尺，需要将其转换为英寸以匹配她使用的单位。1 英尺有 12 英寸，因此 4 英尺等于 4 × 12 = 48 英寸。金属丝被剪成每段 6 英寸的长度。为了找出段数，我们将总长度除以每段长度：48 ÷ 6 = 8。因此，翠西得到了 8 段。

答案：8",8.0,True,1.0,48,easy
理查德住在一栋 15 层的公寓楼里。每层楼有 8 个单元，大楼的 3/4 有人住。这栋大楼没人住的单元的总数是多少？,30,"大楼有 15 层，每层有 8 个单元，总共有 15 * 8 = 120 个单元。大楼的 3/4 有人住，所以有 (3/4) * 120 = 90 个单元有人住。没人住的单元数量是总单元数减去有人住的单元数：120 - 90 = 30。

答案：30",30.0,True,1.0,49,medium
劳埃德有一个产蛋场。他的鸡每天产 252 颗蛋，他每打鸡蛋卖 2 美元。劳埃德每周从鸡蛋赚多少钱？,294,"首先，计算劳埃德每天从鸡蛋中赚取的总金额：252 颗蛋/天 * 2 美元/蛋 = 504 美元/天。然后，将每天收入乘以 7 天，以得出每周收入：504 美元/天 * 7 天 = 3,528 美元/周。
答案：3528",3528.0,False,1.0,50,easy
汤姆的船每小时行驶 10 英里。他从下午 1 点航行到下午 4 点。然后，他以每小时 6 英里的速度返航。他返航需要多长时间？,5,"汤姆从下午 1 点航行到下午 4 点，共航行了 3 小时（从下午 1 点到下午 4 点是 3 小时）。以每小时 10 英里的速度，他航行了 3 × 10 = 30 英里。

返航时，他以每小时 6 英里的速度行驶。因此，返航所需的时间为 30 英里 ÷ 6 英里/小时 = 5 小时。

答案：5",5.0,True,1.0,51,easy
乌利亚的书包对他来说太重了。他需要把书包减轻 15 磅。他的漫画书每本重 1/4 磅，他的玩具每件重 1/2 磅。如果他拿掉 30 本漫画书，他还需要拿掉多少件玩具？,15,"乌利亚的漫画书总重量为 30 本 * 1/4 磅/本 = 7.5 磅。拿掉这些书后，书包的重量为 15 磅 - 7.5 磅 = 7.5 磅。他需要把书包减轻 15 磅 - 7.5 磅 = 7.5 磅。每个玩具重 1/2 磅，因此他需要拿掉 7.5 磅 / 1/2 磅/件 = 15 件玩具。
答案：15",15.0,True,1.0,52,easy
机械师对维修卡车和汽车的轮胎收取不同的价格。维修一个卡车轮胎，机械师收取 60 美元，而对维修一个汽车轮胎，机械师收取 40 美元。周四，机械师维修了 6 个卡车轮胎和 4 个汽车轮胎。周五，机械师维修了 12 个汽车轮胎，但没有维修任何卡车轮胎。机械师在收入比较高的那一天多赚了多少钱？,40,"**推理步骤：**

1. **计算周四的收入：**
   - 周四，机械师维修了 6 个卡车轮胎，每个 60 美元。
     \[
     6 \times 60 = 360 \text{ 美元}
     \]
   - 周四，机械师维修了 4 个汽车轮胎，每个 40 美元。
     \[
     4 \times 40 = 160 \text{ 美元}
     \]
   - 周四的总收入：
     \[
     360 + 160 = 520 \text{ 美元}
     \]

2. **计算周五的收入：**
   - 周五，机械师维修了 12 个汽车轮胎，每个 40 美元。
     \[
     12 \times 40 = 480 \text{ 美元}
     \]
   - 周五没有维修任何卡车轮胎，因此收入为：
     \[
     0 \text{ 美元}
     \]
   - 周五的总收入：
     \[
     480 \text{ 美元}
     \]

3. **比较收入：**
   - 周四的收入：520 美元
   - 周五的收入：480 美元
   - 收入差异：
     \[
     520 - 480 = 40 \text{ 美元}
     \]

**答案：** 40",40.0,True,1.0,53,medium
在 Doubtfire 姐妹开车载着 7 只从当地动物收容所收养的小猫回家的路上，她们的妈妈打电话来告诉她们说，她们的两只家猫刚生了小猫。她说小补丁（第一只猫）生的小猫数量是收养小猫数量的两倍，而特雷克西（第二只猫）生了 12 只。Doubtfire 一家现在有多少只小猫？,40,"**推理步骤：**
1. **已知信息：**
   - 收养的小猫数量：7 只
   - 小补丁（第一只猫）生的小猫数量是收养小猫数量的两倍。
   - 特雷克西（第二只猫）生了 12 只小猫。

2. **计算小补丁生的小猫数量：**
   小补丁生的小猫数量 = 2 × 7 = 14 只

3. **计算总小猫数量：**
   总小猫数量 = 收养小猫数量 + 小补丁生的小猫数量 + 特雷克西生的小猫数量
   总小猫数量 = 7 + 14 + 12 = 33 只

**答案：**
33",33.0,False,1.0,54,hard
吉恩有 30 根棒棒糖。吉恩吃掉了其中 2 根棒棒糖。对于剩下的棒棒糖，吉恩想 2 根装一包。吉恩能装几包？,14,"吉恩从 30 根棒棒糖中吃掉了 2 根，剩下 30 - 2 = 28 根棒棒糖。为了找出吉恩能装几包，我们将剩余的棒棒糖除以每包的数量：28 ÷ 2 = 14。

答案：14",14.0,True,1.0,55,easy
彼得计划这周去看电影。他总是花 7 美元买一张票，花 7 美元买一份爆米花。如果他这周有 42 美元，他能去看几次电影？,3,"彼得的每次电影观看花费为 7 美元 + 7 美元 = 14 美元。为了计算出他能去看几次电影，我们将他的总资金除以每次观看的成本：42 美元 ÷ 14 美元 = 3。

答案：3",3.0,True,1.0,56,easy
"一座木桥的最大承重量是 5,000 磅。一辆装满相同的箱子（每箱重 15 磅）的货运卡车将通过这座桥。司机体重和卡车的空车重量总和是 3,755 磅。为了不超过这座桥的重量限制，这辆卡车最多能装载多少个箱子？",83,"**推理步骤：**

1. **确定桥的总重量限制：**
   - 桥的最大承重量是 5,000 磅。

2. **计算司机和空车总重量：**
   - 司机和空车的总重量是 3,755 磅。

3. **计算卡车和箱子的总重量：**
   - 卡车和箱子的总重量 = 桥的总重量限制 - 司机和空车总重量
   - 卡车和箱子的总重量 = 5,000 磅 - 3,755 磅 = 1,245 磅

4. **确定一个箱子的重量：**
   - 每个箱子的重量是 15 磅。

5. **计算最大箱子数量：**
   - 最大箱子数量 = 卡车和箱子的总重量 / 一个箱子的重量
   - 最大箱子数量 = 1,245 磅 / 15 磅 = 82.5

由于不能装载部分箱子，因此最大箱子数量为 82 个。

**答案：** 82",82.0,False,1.0,57,hard
史蒂芬在网上下单购买生活用品。他的最终账单金额是 40.00 美元。因为这笔订单通过送货供应商进行，他们在他的最终账单总额上加上了 25% 的费用，并对他收取了 3.00 美元的送货费。史蒂芬还加上了 4.00 美元的小费。在增加了这些额外费用后，史蒂芬购买生活用品的最终价格是多少？,57,"首先，计算送货供应商的费用：40.00 美元的 25% = 0.25 × 40 = 10.00 美元。然后，将此费用添加到原始账单金额中：40.00 美元 + 10.00 美元 = 50.00 美元。然后，将送货费 3.00 美元添加到总金额中：50.00 美元 + 3.00 美元 = 53.00 美元。最后，将 4.00 美元的小费添加到总金额中：53.00 美元 + 4.00 美元 = 57.00 美元。

答案：57.00 美元",57.0,False,1.0,58,hard
一处覆盆子树丛结出了 6 簇覆盆子，每簇 20 颗， 而且整个覆盆子树丛还散落着 67 颗覆盆子。一共有多少颗覆盆子？,187,"覆盆子树丛的覆盆子总数可以通过将簇数乘以每簇覆盆子数来计算：6 簇 × 20 颗覆盆子/簇 = 120 颗覆盆子。然后，我们将这个总数与树丛中散落的覆盆子数量相加：120 颗覆盆子 + 67 颗覆盆子 = 187 颗覆盆子。

答案：187",187.0,True,1.0,59,easy
一个篮子里放着 25 颗橙子，其中 1 颗是坏的，20% 是不熟的，2 颗是酸的，剩下的是好的。好的橙子有多少颗？,17,"首先，确定坏橙子和不熟橙子的数量。坏橙子占橙子总数的 1%，即 0.01 个橙子。不熟橙子占橙子总数的 20%，即 0.20 个橙子。

接下来，计算坏和不熟橙子的总数：
\[ 0.01 + 0.20 = 0.21 \]

将这个总数从橙子总数中减去，以找出好的橙子数量：
\[ 25 - 0.21 = 24.79 \]

由于橙子的数量必须是整数，我们将其四舍五入到最接近的整数：
\[ 25 - 0.21 = 24.79 \approx 25 \]

因此，好的橙子数量为：
\[ 25 - 0.21 = 24.79 \]

答案：24.79",24.79,False,1.0,60,medium
珍妮特为她的女儿买了一根胸针。她付了 500 美元的胸针材料费，再付 800 美元的制作费给珠宝师。之后，她付了总额的 10% 为胸针投保。她一共付了多少钱？,1430,"胸针的总成本由材料费和制作费组成，总计 500 美元 + 800 美元 = 1300 美元。投保的费用是总成本的 10%，即 1300 美元的 10%。因此，投保费用为 1300 美元的 10%，即 0.10 * 1300 美元 = 130 美元。要计算总支出，您将材料费、制作费和投保费用相加：500 美元 + 800 美元 + 130 美元 = 1430 美元。

答案：1430",1430.0,True,1.0,61,medium
"如果玛茜在同一家公司工作了 40 年，她能获得每年 50,000 美元的年度养老金。从 20 年后开始，她有权获得每年养老金价值的 5%。如果她在 30 年后辞职，那时她的年度退休金是多少？",25000,"玛茜在 40 年后将获得 50,000 美元的年度养老金，持续 20 年。从第 21 年开始，她每年获得 50,000 美元的 5% 折扣。这意味着从第 21 年到第 40 年，她每年获得的养老金将是 50,000 美元的 95%（100% - 5%）。

计算第 21 年至第 40 年获得的年度养老金总金额：
- 第 21 年至第 40 年获得的年度养老金 = 20 年获得的养老金 × 0.95
- 第 21 年至第 40 年获得的年度养老金 = 50,000 美元 × 0.95 × 20
- 第 21 年至第 40 年获得的年度养老金 = 50,000 美元 × 19 × 0.95
- 第 21 年至第 40 年获得的年度养老金 = 50,000 美元 × 9.85
- 第 21 年至第 40 年获得的年度养老金 = 492,500 美元

从第 40 年开始，玛茜将获得 50,000 美元的年度养老金：
- 第 40 年至第 40 年获得的年度养老金 = 50,000 美元

玛茜在 30 年后辞职的年度退休金总金额为：
- 年度退休金总金额 = 20 年获得的养老金 + 10 年获得的折扣养老金 + 10 年获得的普通养老金
- 年度退休金总金额 = 50,000 美元 × 20 + 492,500 美元 + 50,000 美元
- 年度退休金总金额 = 1,000,000 美元 + 492,500 美元 + 50,000 美元
- 年度退休金总金额 = 1,542,500 美元

答案：1542500",1542500.0,False,1.0,62,hard
亚琳娜订阅了流媒体服务，每年的费用是 140 美元。如果流媒体公司对她收取上半年费用的初始金额，然后对她下半年的费用少收 10%，请计算到年底她为流媒体服务支付的总金额。,1596,"流媒体公司的费用在上半年和下半年各为 70 美元（140 美元 ÷ 2 = 70 美元）。因此，亚琳娜在上半年支付了 70 美元，在下半年支付了 70 美元 × 0.9 = 63 美元。总费用为 70 美元 + 63 美元 = 133 美元。

答案：133",133.0,False,1.0,63,medium
索菲亚正在考虑自驾游，她想知道一罐汽油能行驶多长距离。自上次加油以来，她已经行驶了 100 英里，而且她需要加 4 加仑的汽油才能再次把油箱装满。根据她汽车使用手册的说明，她汽车的油箱能装 12 加仑汽油。一罐汽油能让索菲亚行驶多长距离？,300,"索菲亚已经行驶了 100 英里，她需要 4 加仑的汽油才能装满油箱。她汽车的油箱容量为 12 加仑。因此，一罐汽油能让她行驶的距离可以通过将总加仑数除以油箱容量来计算：12 加仑 ÷ 4 加仑/罐 = 3 罐。索菲亚的汽车每罐汽油可以行驶 3 次全行程，因此总距离为 3 罐 × 100 英里/罐 = 300 英里。

答案：300",300.0,True,1.0,64,easy
吉姆看了 2 个小时的电视，然后决定在床上看 1 小时的书。他每周这样做 3 次。他在 4 周内用了多少时间看电视和看书？,36,"吉姆每周看电视 2 小时，看书 1 小时，总共 3 小时。他每周这样做 3 次，因此每周总共花费的时间为 3 * 3 = 9 小时。在 4 周内，他花费了 9 * 4 = 36 小时看电视和看书。
答案：36",36.0,True,1.0,65,medium
有四间学校在争夺篮球锦标赛的桂冠。每间学校都派出一支女子篮球队和一支男子篮球队，而且每支球队有 5 名球员。每间学校还为自己的每支球队派出一位教练。这些学校一共派出了多少人？,48,"让我们一步一步地分解这个问题。

1. **每间学校派出的球员人数：**
   - 每间学校有 2 支球队。
   - 每支球队有 5 名球员。
   - 因此，每间学校派出的球员总数为 \(2 \times 5 = 10\) 名球员。

2. **每间学校派出的教练人数：**
   - 每间学校为每支球队派出一位教练。
   - 因此，每间学校派出的教练总数为 2 名教练。

3. **每间学校派出的总人数：**
   - 每间学校派出的总人数是球员和教练的总和：
   \[
   10 \text{ 名球员} + 2 \text{ 名教练} = 12 \text{ 人}
   \]

4. **所有学校派出的总人数：**
   - 有 4 间学校，每间学校派出的总人数为 12 人。
   - 因此，所有学校派出的总人数为：
   \[
   4 \times 12 = 48 \text{ 人}
   \]

答案：48",48.0,True,1.0,66,easy
一位寻宝人找到了一个埋藏的百宝箱。百宝箱里面装满了宝石，有 175 颗钻石，比钻石数量少 35 颗的红宝石，比红宝石数量多一倍的绿宝石。百宝箱里有多少颗宝石？,595,"让我们一步一步地分解这个问题：

1. **确定红宝石的数量：**
   - 问题指出，红宝石的数量比钻石数量少 35 颗。
   - 钻石的数量 = 175
   - 红宝石的数量 = 175 - 35 = 140

2. **确定绿宝石的数量：**
   - 问题指出，绿宝石的数量比红宝石数量多一倍。
   - 绿宝石的数量 = 2 × 红宝石的数量 = 2 × 140 = 280

3. **计算宝石的总数：**
   - 宝石总数 = 钻石数量 + 红宝石数量 + 绿宝石数量
   - 宝石总数 = 175 + 140 + 280 = 595

答案：595",595.0,True,1.0,67,hard
在韦茨博士的学校里，男生数量是女生数量的两倍。如果有 60 个女生，而且每 5 个学生有一位老师，则这间学校有多少位老师？,36,"首先，确定男生人数：男生数量是女生数量的两倍，因此有 2 * 60 = 120 名男生。

接下来，计算男生和女生总数：120 名男生 + 60 名女生 = 180 名学生。

然后，计算学生总数与老师数量的比率：每 5 个学生有一位老师。

最后，找出学生总数与该比率的乘积：180 名学生 * (1/5) 名老师/学生 = 36 名老师。

答案：36",36.0,True,1.0,68,medium
贝莉一开始领取一定数量的钱。然后她每周领取 5 美元，为期 8 周。8 周结束后，如果贝莉一共领取了 100 美元，她一开始领取的金额是多少？,60,"设贝莉一开始领取的金额为 x 美元。

贝莉每周领取 5 美元，为期 8 周，因此她总共领取了：
5 美元/周 * 8 周 = 40 美元

由于贝莉总共领取了 100 美元，我们可以建立如下方程：
x + 40 = 100

从两边减去 40：
x = 60

答案：60",60.0,True,1.0,69,medium
朱迪每天和周末教授 5 节舞蹈课，周六教授 8 节舞蹈课。如果每节课有 15 个学生，而她对每个学生收取 15.00 美元的学费，则她一周能赚多少钱？,7425,"首先，计算朱迪在周末教授的舞蹈课数量：5 节/天 * 2 天 = 10 节。
然后，计算她每周教授的舞蹈课总数：10 节 + 8 节 = 18 节。
接下来，计算她每周教授的总学生人数：18 节 * 15 学生/节 = 270 学生。
最后，计算她每周赚取的总收入：270 学生 * 15.00 美元/学生 = 4050 美元。
答案：4050",4050.0,False,1.0,70,medium
凯利安有两份做菜的食谱，第一份有 20 条说明，第二份说明的数量是第一份的两倍。为了烹制两道菜，凯利安必须读多少条说明？,60,"第一份食谱有 20 条说明。第二份食谱有 2 × 20 = 40 条说明。总共，凯利安需要阅读 20 + 40 = 60 条说明。

答案：60",60.0,True,1.0,71,easy
汤米正在通过卖布朗尼蛋糕（每块 3 美元）和芝士蛋糕（每块 4 美元）为自己的慈善组织筹款。如果汤米卖出了 43 块布朗尼蛋糕和 23 块芝士蛋糕，他筹到了多少钱？,221,"汤米卖出了 43 块布朗尼蛋糕，每块售价 3 美元，因此布朗尼蛋糕的收入为 43 * 3 = 129 美元。他卖出了 23 块芝士蛋糕，每块售价 4 美元，因此芝士蛋糕的收入为 23 * 4 = 92 美元。将这两笔金额相加，汤米总共筹到了 129 + 92 = 221 美元。

答案：221",221.0,True,1.0,72,easy
席拉买了 5 部手机，每部 150 美元。她采用了 3 个月分期付款，每期的利率为 2%。在这三个月，席拉每个月要支付多少钱？,255,"首先，计算手机的总成本：
5 部手机 × 150 美元/部 = 750 美元。

接下来，确定分期付款的总金额：
3 个月的总金额 = 750 美元。

现在，计算每个月的付款额：
每月付款额 = 总金额 / 3 = 750 美元 / 3 = 250 美元。

最后，考虑每月 2% 的利率：
每月付款额 = 250 美元 + (250 美元的 2%) = 250 美元 + 5 美元 = 255 美元。

答案：255",255.0,True,1.0,73,hard
亚提在农贸市场有一个花卉摊位。他卖三种花：万寿菊、矮牵牛花和秋海棠。他通常一盆万寿菊卖 2.74 美元，一盆矮牵牛花 1.87 美元，一盆秋海棠 2.12 美元。亚提今天没有零钱，所以他决定对所有价格进行四舍五入处理。如果亚提卖出 12 盆万寿菊、9 盆矮牵牛花和 17 盆秋海棠，他会赚多少钱？,88,"首先，计算每种花的总收入：

- **万寿菊**：12 盆 × 2.74 美元/盆 = 32.88 美元
- **矮牵牛花**：9 盆 × 1.87 美元/盆 = 16.83 美元
- **秋海棠**：17 盆 × 2.12 美元/盆 = 35.04 美元

接下来，将所有金额相加，得到总收入：
32.88 美元 + 16.83 美元 + 35.04 美元 = 84.75 美元

答案：84.75",84.75,False,1.0,74,medium
卢克正在沙滩上建沙堡。他最后注意到，沙堡每一层的面积都是下一层面积的一半。如果他建了一座 4 层沙堡，其中顶层的面积为 16，则一层的平均面积是多少？,60,"设顶层面积为 \( S_1 = 16 \)。每一层面积都是下一层的半数，因此：
- 第二层面积：\( S_2 = \frac{1}{2} \times S_1 = \frac{1}{2} \times 16 = 8 \)
- 第三层面积：\( S_3 = \frac{1}{2} \times S_2 = \frac{1}{2} \times 8 = 4 \)
- 第四层面积：\( S_4 = \frac{1}{2} \times S_3 = \frac{1}{2} \times 4 = 2 \)

总面积为：
\[
S_{\text{total}} = S_1 + S_2 + S_3 + S_4 = 16 + 8 + 4 + 2 = 30
\]

一层的平均面积为：
\[
\text{平均面积} = \frac{S_{\text{total}}}{4} = \frac{30}{4} = 7.5
\]

答案：7.5",7.5,False,1.0,75,medium
塞西莉亚刚买了一只小狗。按照兽医的医嘱，在前 180 天，她必须每天喂小狗 1 杯狗粮。然后在小狗剩下的生命中，她必须每天喂小狗 2 杯狗粮。如果 1 袋狗粮有 110 杯狗粮，则塞西莉亚会在第一年用掉多少袋狗粮？,5,"**推理步骤：**

1. **计算前 180 天用狗粮的总杯数：**
   - 每天喂 1 杯狗粮，持续 180 天。
   - 总杯数 = 180 天 × 1 杯/天 = **180 杯**。

2. **计算剩余生命用狗粮的总杯数：**
   - 假设小狗的平均寿命为 10 年（常见假设）。
   - 剩余时间 = 10 年 × 365 天/年 = 3650 天。
   - 每天喂 2 杯狗粮，持续 3650 天。
   - 总杯数 = 3650 天 × 2 杯/天 = **7300 杯**。

3. **计算总用狗粮的杯数：**
   - 总杯数 = 前 180 天杯数 + 剩余生命杯数
   - 总杯数 = 180 杯 + 7300 杯 = **7480 杯**。

4. **计算所需袋数：**
   - 1 袋狗粮 = 110 杯狗粮。
   - 所需袋数 = 7480 杯 ÷ 110 杯/袋 ≈ **68.18 袋**。
   - 由于不能购买部分袋子，向上取整为 **69 袋**。

**答案：** 69",69.0,False,1.0,76,easy
假设雷蒙德的洗衣量是莎拉的一半，而莎拉的洗衣量是大卫的 4 倍，如果莎拉的洗衣量为 400 磅，则请计算雷蒙德和大卫的洗衣量差数。,100,"首先，确定莎拉的洗衣量是多少：
莎拉的洗衣量 = 400 磅

接下来，计算雷蒙德的洗衣量：
雷蒙德的洗衣量 = 莎拉的洗衣量的一半
雷蒙德的洗衣量 = 400 / 2
雷蒙德的洗衣量 = 200 磅

现在，确定大卫的洗衣量：
大卫的洗衣量 = 莎拉的洗衣量 / 4
大卫的洗衣量 = 400 / 4
大卫的洗衣量 = 100 磅

最后，计算雷蒙德和大卫的洗衣量差数：
洗衣量差数 = 雷蒙德的洗衣量 - 大卫的洗衣量
洗衣量差数 = 200 - 100
洗衣量差数 = 100 磅

答案：100",100.0,True,1.0,77,hard
文森特可以花 2.50 美元买一束 3 支装的鲜花或花 1 美元买一束 2 支装的鲜花。如果他以更好的价格购买 18 支花，他能省多少钱？,6,"要确定文森特购买 18 支花时能节省多少钱，我们需要比较两种购买选项的总成本。

**选项 1：** 3 支花束，每束 2.50 美元。
- 3 束花成本：\( 3 \times 2.50 = 7.50 \) 美元。

**选项 2：** 2 支花束，每束 1 美元。
- 2 束花成本：\( 2 \times 1 = 2 \) 美元。

**比较成本：**
- 选项 1：7.50 美元
- 选项 2：2 美元

**节省金额：**
- 节省 = 选项 1 的成本 - 选项 2 的成本
- 节省 = 7.50 美元 - 2 美元 = 5.50 美元

答案：5.50",5.5,False,1.0,78,medium
约翰收养了一条狗。他把狗带去美容，美容价格是 100 美元。因为他是新顾客，所以宠物美容师给他打了七折。这次美容花了多少钱？,70,"美容师为新顾客提供了七折优惠，这意味着约翰支付了原价的 70%。因此，美容费用为 100 美元的 70%，即 70 美元。

答案：70",70.0,True,1.0,79,easy
两个女孩各得到 24 升水的 1/6。然后一位男孩得到了 6 升水。还剩下多少升水？,10,"两个女孩各得到 24 升水的 1/6：
24 ÷ 6 = 4 升（每位女孩得到的）
两个女孩总共得到的：4 + 4 = 8 升

男孩得到 6 升水：
8 - 6 = 2 升

答案：2",2.0,False,1.0,80,easy
查理有 10 张贴纸。他从商场的商店买了 21 张贴纸，并在生日上收到了 23 张贴纸。然后查理把其中 9 张贴纸给了他妹妹，并用 28 张贴纸装饰贺卡。查理还剩下多少张贴纸？,17,"查理最初有 10 张贴纸。他买了 21 张贴纸，所以他现在有 10 + 21 = 31 张贴纸。他收到了 23 张贴纸，所以他现在有 31 + 23 = 54 张贴纸。然后，他给了妹妹 9 张贴纸，所以他剩下 54 - 9 = 45 张贴纸。最后，他用 28 张贴纸装饰了贺卡，所以他剩下 45 - 28 = 17 张贴纸。

答案：17",17.0,True,1.0,81,hard
格蕾丝的体重为 125 磅。亚历克斯的体重比格蕾丝体重的四倍少 2 磅。他们的总体重是多少磅？,623,"格蕾丝的体重是 125 磅。亚历克斯的体重是格蕾丝体重的四分之三减 2，即 (4/3) * 125 - 2 = 166.67 - 2 = 164.67 磅。格蕾丝和亚历克斯的总体重是 125 + 164.67 = 289.67 磅。
答案：289.67",289.67,False,1.0,82,easy
丹种下了 3 个玫瑰丛。每个玫瑰丛有 25 棵玫瑰。每棵玫瑰有 8 根刺。一共有多少根刺？,600,"首先，确定玫瑰丛的总数：3 个玫瑰丛 * 3 = 9 棵玫瑰。然后，计算玫瑰的总数：9 棵玫瑰 * 25 棵玫瑰/玫瑰丛 = 225 棵玫瑰。最后，计算刺的总数：225 棵玫瑰 * 8 根刺/玫瑰 = 1800 根刺。
答案：1800",1800.0,False,1.0,83,easy
一支足球队参加了 22 场比赛。他们获胜的比赛比输掉的比赛多 8 场。他们赢了多少场比赛？,15,"设球队输掉的比赛场数为 x。则他们获胜的比赛场数为 x + 8。由于他们参加了 22 场比赛，因此方程为：x + (x + 8) = 22。简化后，我们得到 2x + 8 = 22。解得 x，我们发现 x = 7。球队输掉了 7 场比赛，因此他们赢得的比赛场数为 7 + 8 = 15。

答案：15",15.0,True,1.0,84,easy
吉恩正在用旧的纪念 T 恤缝制一条被子。他每次度假都有一件 T 恤。每件 T 恤都是被子的一片拼布。每行都由每年不同假期的拼布缝成。他每年度假 4 次，并且从 23 岁起就一直这样做。他现在 34 岁。他一共有多少片被子拼布？,44,"吉恩从 23 岁到 34 岁度假，共度假 34 - 23 = 11 年。由于他每年假 4 次，他一共度假了 11 * 4 = 44 次。由于他每件 T 恤都是被子的一片拼布，因此他缝制了 44 片被子拼布。
答案：44",44.0,True,1.0,85,easy
格雷格将闹钟设为每天响三次作为提醒。当闹钟响铃时，它会一直响铃到格雷格关闭闹钟。今天它第一次响铃时响了四次。它第二次响铃的次数是第一次响铃的三倍。它第三次响铃的次数是第二次响铃的一半。闹钟一共响铃多少次？,22,"格雷格第一次响铃时，闹钟响了4次。这意味着它第二次响了 4 × 3 = 12 次。第三次响铃的次数是第二次响铃的一半，即 12 ÷ 2 = 6 次。将这些次数相加：4 + 12 + 6 = 22。

答案：22",22.0,True,1.0,86,hard
有家公司每个月为每位员工支付 600 美元。这家公司有一项政策，即对于在公司工作满 5 年的员工，每年每位此类员工的工资可提高初始工资的 10%。如果西尔维于去年 12 月在这家公司工作刚好满 5 年，她再工作三年后，她的年薪是多少？,9360,"西尔维在公司工作了 5 年，因此她有资格获得每年 10% 的加薪。她最初的月薪是 600 美元，因此她的月薪在第一年增加 10%，达到 660 美元。 next 年的薪资为 660 美元 * 12 = 7,920 美元。 next 年的薪资为 7,920 美元 * 12 = 95,040 美元。 next 年的薪资为 95,040 美元 * 12 = 1,140,480 美元。 next 年的薪资为 1,140,480 美元 * 12 = 13,586,160 美元。
答案：13586160",13586160.0,False,1.0,87,hard
"玛丽莲的第一张唱片的销量是哈罗德的 10 倍。如果他们一共卖出 88,000 张唱片，哈罗德卖出了多少张唱片？",8000,"设 \( H \) 为哈罗德卖出的唱片数量，\( M \) 为玛丽莲卖出的唱片数量。根据题目，\( M = 10H \)。两人的总销量为 \( H + M = 88,000 \)。将 \( M \) 代入总销量方程：
\[
H + 10H = 88,000
\]
\[
11H = 88,000
\]
\[
H = \frac{88,000}{11} = 8,000
\]
因此，哈罗德卖出了 **8,000** 张唱片。

答案：8000",8000.0,True,1.0,88,medium
克里斯蒂娜正在策划一场生日派对，需要的礼品袋数量是每位受邀宾客 0.75 个，因为 1/4 的宾客未出席。她邀请了 16 位朋友。礼品袋每个 2 美元。她要花多少钱？,24,"首先，确定克里斯蒂娜需要多少礼品袋。由于 1/4 的宾客未出席，她需要 0.75 倍的总人数：
\[
0.75 \times 16 = 12 \text{ 个礼品袋}
\]
然后，计算礼品袋的总成本：
\[
12 \times 2 = 24 \text{ 美元}
\]
答案：24",24.0,True,1.0,89,medium
霸王龙泰德计划带土豆沙拉去参加恐龙野餐。他知道，每只成年恐龙会吃掉 10 磅的土豆沙拉，每只未成年恐龙会吃掉这个量的一半。如果野餐上有 20 只成年恐龙和 5 只未成年恐龙，而且泰德希望有足够的沙拉供每只恐龙吃，他需要带多少磅的土豆沙拉？,225,"首先，计算成年恐龙的总用量：20 只恐龙 × 每只恐龙 10 磅 = 200 磅。然后，计算未成年恐龙的总用量：5 只恐龙 × 每只恐龙 5 磅 = 25 磅。最后，将这些数量相加，以确定所需的总土豆沙拉量：200 磅 + 25 磅 = 225 磅。

答案：225",225.0,True,1.0,90,medium
珍的宠物数量是玛西亚的三倍，而玛西亚的宠物数量比辛迪多两只。如果辛迪有四只宠物，则她们三个人一共有多少只宠物？,28,"珍的宠物数量是玛西亚的三倍：3 * 4 = 12 只宠物。
玛西亚有 4 + 2 = 6 只宠物。
珍和玛西亚的宠物总数是 12 + 6 = 18 只宠物。
她们三个人一共有 18 + 4 = 22 只宠物。

答案：22",22.0,False,1.0,91,medium
艾米莉有 4 个孩子，名叫艾米、杰克逊、科里和詹姆斯。艾米比杰克逊大 5 岁，比科里小 2 岁。如果詹姆斯 10 岁，并且比科里小 1 岁，杰克逊几岁？,4,"让我们一步一步地分解这个问题。

1. **已知信息：**
   - 詹姆斯 10 岁。
   - 詹姆斯比科里小 1 岁，因此科里 10 + 1 = 11 岁。
   - 艾米比杰克逊大 5 岁，因此杰克逊 11 - 5 = 6 岁。

2. **验证信息：**
   - 艾米 11 - 2 = 9 岁（因为艾米比科里小 2 岁）。
   - 所有年龄都一致：艾米 9 岁，杰克逊 6 岁，科里 11 岁，詹姆斯 10 岁。

3. **结论：**
   杰克逊 6 岁。

答案：6",6.0,False,1.0,92,hard
李过去完成 400 米跨栏能比杰拉尔德完成 400 米跨栏快 2 秒，但是杰拉尔德改变了饮食习惯，从而使速度提高了 10%。如果李以 38 秒完成 400 米跨栏，则杰拉尔德改善饮食习惯后完成 400 米跨栏需要多少秒？,36,"让我们一步一步地解决这个问题。

**已知：**
1. 李的400米跨栏时间是38秒。
2. 李的400米跨栏时间比杰拉尔德快2秒。
3. 杰拉尔德的饮食改善提高了速度10%。

**步骤1：计算杰拉尔德的原始400米跨栏时间。**
李的400米跨栏时间比杰拉尔德快2秒，所以：
\[ \text{杰拉尔德的原始时间} = \text{李的时间} + 2 = 38 + 2 = 40 \text{秒} \]

**步骤2：计算杰拉尔德速度提高后的400米跨栏时间。**
杰拉尔德的速度提高了10%，这意味着他的时间减少了10%。因此：
\[ \text{杰拉尔德的新时间} = \text{杰拉尔德的原始时间} \times (1 - 0.10) = 40 \times 0.90 = 36 \text{秒} \]

**答案：**
36",36.0,True,1.0,93,medium
在一个街区，宠物兔的数量比宠物狗和宠物猫的总数量少 12 只。如果猫和狗的数量比是 2 比 1，而狗的数量是 60 只，则这个社区一共有多少只宠物？,348,"设狗的数量为 D，猫的数量为 C。问题指出，狗和猫的数量比是 2 比 1，因此我们可以将狗的数量表示为 2/1 * C = 2C。题目还说狗的数量是 60 只，所以 2C = 60，这意味着 C = 30。

由于宠物兔的数量比宠物狗和宠物猫的总数量少 12 只，因此兔子的数量为 D + C - 12 = 60 + 30 - 12 = 78。

因此，这个街区一共有 78 只宠物。

答案：78",78.0,False,1.0,94,hard
在 200 名五年级学生中有 2/5 是男生 ，而 2/3 的女生是女童子军。有多少女生不是女童子军？,40,"首先，确定五年级男生的数量：\( \frac{2}{5} \times 200 = 80 \) 名男生。

接下来，确定五年级女生总数：\( 200 - 80 = 120 \) 名女生。

然后，计算女童子军的总数：\( \frac{2}{3} \times 120 = 80 \) 名女童子军。

最后，计算不是女童子军的女生数量：\( 120 - 80 = 40 \)。

答案：40",40.0,True,1.0,95,medium
哈利昨晚睡了 9 个小时。他的朋友詹姆斯的睡眠时间只有哈利的 2/3。哈利比詹姆斯多睡了几个小时？,3,"詹姆斯睡了 9 小时除以 3 等于 3 小时。哈利比詹姆斯多睡了 9 小时减去 3 小时，等于 6 小时。
答案：6",6.0,False,1.0,96,easy
当弗雷达把罐装番茄煮成番茄酱时，份量减少了一半。她使用的每个 16 盎司番茄罐头含有 3 颗番茄。弗雷达的最后一批番茄酱是 32 盎司的酱。弗雷达用了多少颗番茄？,12,"首先，确定弗雷达煮了多少个 16 盎司的番茄罐头：32 盎司 / 16 盎司/罐 = 2 个罐头。然后，将每个罐头中的番茄数量乘以罐头数量：3 颗番茄/罐头 * 2 个罐头 = 6 颗番茄。

答案：6",6.0,False,1.0,97,medium
汽车在高速公路上排起长龙。有些车在堵车的前 15 分钟就开过去了，然后又有 20 辆车在堵车的剩下 15 分钟里开过去。排队的车中有 5 辆车驶出了高速出口，所以他们不需要从堵车的地方开过去。如果高速公路上最早有 30 辆车，前 15 分钟有多少辆车从堵车的地方开过去？,5,"让我们一步一步地分解这个问题：

1. **初始车流：** 30 辆车。

2. **前 15 分钟：** 15 辆车开过去。
   - 剩余车流：\( 30 - 15 = 15 \) 辆车。

3. **堵车剩余时间：** 15 分钟。

4. **后 15 分钟：** 20 辆车开过去。
   - 剩余车流：\( 15 - 20 = -5 \) 辆车。

由于剩余车流为负数，这表明 5 辆车已经驶出了堵车并进入了前一群车。因此，前 15 分钟从堵车的地方开过的车的数量为 **15 辆**。

答案：15",15.0,False,1.0,98,medium
玛丽是一位充满热情的园丁。昨天，她从自己最喜欢的苗圃收到了 18 盆盆栽植物。在她大乡村住宅的 40 个窗台中，每个窗台已经有 2 盆盆栽植物。怀着慷慨之情，她决定明天从每个窗台上拿 1 盆盆栽植物送给朋友和家人。玛丽还剩下多少盆盆栽植物？,58,"首先，计算玛丽在窗台上已经拥有的盆栽植物总数：40 个窗台 × 每个窗台 2 盆 = 80 盆。

然后，计算她送出盆栽植物的总数：40 个窗台 × 每个窗台 1 盆 = 40 盆。

最后，计算玛丽剩下的盆栽植物数量：最初的 18 盆 – 送出的 40 盆 = -22 盆。这意味着她没有足够的盆栽植物来满足她的慷慨之情，因为她实际上有负数余额。

然而，问题要求的是玛丽还剩下多少盆盆栽植物。由于她没有足够的盆栽植物来满足她的慷慨之情，她实际上会欠朋友和家人 22 盆 Therefore, the answer is 0 plants left, but she would be short by 22.

答案：0",0.0,False,1.0,99,medium
杰罗姆有 4 个朋友，他们在某一天来拜访他。在杰罗姆开门前，第一位朋友按了 20 次门铃，第二位朋友比杰罗姆的第一位朋友多按了 1/4 次门铃。第三位朋友比第四位朋友多按了 10 次门铃。如果第四位朋友按了 60 次门铃，门铃响了几次？,175,"第一位朋友按了 20 次门铃。第二位朋友按了 20 + (1/4) * 20 = 20 + 5 = 25 次门铃。第三位朋友按了 25 + 10 = 35 次门铃。第四位朋友按了 60 次门铃。总共按了 20 + 25 + 35 + 60 = 140 次门铃。

答案：140",140.0,False,1.0,100,hard
索罗必须读完 4 页科学课本、20 页社会研究课本、7 页历史课本和 8 页地理课本。索罗在周一读了 15 页。如果他还有 4 天来完成所有阅读作业，他平均一天需要读完多少页？,6,"首先，计算索罗需要读的总页数：4页（科学）+ 20页（社会研究）+ 7页（历史）+ 8页（地理）= 39页。

索罗已经读了 15 页，所以他还需要读完 39页 - 15页 = 24页。

索罗有 4 天时间来完成剩余的阅读，所以他平均每天需要读完 24页 ÷ 4天 = 每天 6页。

答案：6",6.0,True,1.0,101,medium
约翰喜欢在吃早餐、午餐和晚餐时喝一杯水。最后，他睡前也会喝一杯水。约翰在每个工作日这样做，但是在周末，他喜欢放松一下，吃晚餐时喝苏打水。约翰一周喝多少杯水？,26,"让我们一步一步地分解这个问题。

**步骤 1：计算工作日喝的水杯数**
- 约翰每天喝 3 杯水（早餐、午餐、晚餐）。
- 他工作 5 天（周一至周五）。
- 工作日总共喝的水杯数 = 3 杯/天 × 5 天 = 15 杯。

**步骤 2：计算周末喝的水杯数**
- 在周末，约翰吃晚餐时喝苏打水，而不是水。
- 周末有 2 天（周六和周日）。
- 周末总共喝的水杯数 = 0 杯（因为他喝的是苏打水）。

**步骤 3：计算一周总共喝的水杯数**
- 一周总共喝的水杯数 = 工作日喝的水杯数 + 周末喝的水杯数。
- 一周总共喝的水杯数 = 15 杯（工作日） + 0 杯（周末） = 15 杯。

答案：15",15.0,False,1.0,102,easy
一片雾堤从海洋蔓延到覆盖城市。它每覆盖城市的 3 英里需要 10 分钟。如果这座城市从沿海地带到对面的内陆边缘的距离是 42 英里，雾堤覆盖整座城市需要多少分钟？,140,"雾堤每覆盖 3 英里需要 10 分钟，这意味着它每英里覆盖的时间是 10/3 分钟。覆盖 42 英里的时间是 42 * (10/3) 分钟。将这个时间转换为分钟，得到 140 分钟。

答案：140",140.0,True,1.0,103,medium
"波比正在拼一幅 1,000 片的拼图。她在拼板上拼完了四分之一的拼片，然后她妈妈拼完了剩下拼片的三分之一。拼图还剩下多少片需要拼？",500,"波比在 1,000 片的拼图中先拼完了四分之一，即 \( \frac{1}{4} \times 1000 = 250 \) 片。这意味着还剩下 \( 1000 - 250 = 750 \) 片。波比妈妈拼完了剩余拼片的三分之一，即 \( \frac{1}{3} \times 750 = 250 \) 片。因此，还剩下 \( 750 - 250 = 500 \) 片需要拼。
答案：500",500.0,True,1.0,104,easy
科迪吃的饼干数量是阿米尔的三倍。如果阿米尔吃了 5 片饼干，他们一共吃了多少饼干？,20,"如果科迪吃的饼干数量是阿米尔的三倍，而阿米尔吃了 5 片饼干，那么科迪吃了 3 × 5 = 15 片饼干。一起，他们吃了 5 + 15 = 20 片饼干。

答案：20",20.0,True,1.0,105,easy
约翰有 3 个箱子。每个箱子是 5 英寸乘以 6 英寸乘以 4 英寸。箱子的围板厚 1 英寸。全部 3 个箱子的内容积一共是多少？,72,"要计算所有三个箱子的总体积，我们需要先计算一个箱子的体积，然后乘以 3。

**步骤 1：计算一个箱子的体积**
每个箱子的尺寸为 5 英寸 × 6 英寸 × 4 英寸。
体积 = 长度 × 宽度 × 高度
体积 = 5 × 6 × 4 = 120 立方英寸

**步骤 2：计算一个箱子的外部体积**
箱子的外部尺寸为 (5 + 2) 英寸 × (6 + 2) 英寸 × (4 + 2) 英寸，因为每个箱子的外部尺寸比内部尺寸大 1 英寸。
外部尺寸 = (7 英寸) × (8 英寸) × (6 英寸)
外部体积 = 7 × 8 × 6 = 336 立方英寸

**步骤 3：计算一个箱子的内容积**
内容积 = 外部体积 - 一个箱子的体积
内容积 = 336 - 120 = 216 立方英寸

**步骤 4：计算所有三个箱子的总体积**
总体积 = 3 × 一个箱子的内容积
总体积 = 3 × 216 = 648 立方英寸

答案：648",648.0,False,1.0,106,medium
弗兰基每天晚上做完作业后看电视。周一和周二，他每晚看一集自己最喜欢的节目，一集 1 小时。周三，他看了几集每集 30 分钟的节目。周四，他提早做完了作业，看了一集每集 1 小时的节目和一集每集 30 分钟的节目。周五，因为有周末，他可以熬夜，所以他看了 2 集每集 1 小时的节目。如果他一共看了 7 小时的电视，他在周三看了多少集每集 30 分钟的节目？,3,"让我们用 x 表示弗兰基在周三看的每集 30 分钟的节目的数量。周四，他看了一集 1 小时的节目和一集 30 分钟的节目。周五，他看了两集 1 小时的节目。一周内他看的电视总时数为 7 小时。

我们可以写出以下方程来表示每周看电视的总时数：

1 小时的节目 + x 个 30 分钟的节目 + 1 小时的节目 + 2 个 1 小时的节目 = 7 小时

简化方程：

2 + x + 2 = 7

合并同类项：

4 + x = 7

从两边减去 4：

x = 3

答案：3",3.0,True,1.0,107,medium
亨利正在为当地的一场烘焙竞赛制作饼干。他想比去年多做一倍。当他烤完后，他意识到自己实际上比想做的多做了 15 片饼干。在把饼干拿出去晾凉时，他掉了 5 片饼干，现在他一共有 110 片饼干。亨利去年做了多少片饼干？,50,"设 \( x \) 为亨利去年做的饼干数量。

去年亨利想做的饼干数量是 \( 2x \)。

当他烤完后，他比想做的多做了 15 片饼干，所以他做了 \( 2x + 15 \) 片饼干。

在掉掉 5 片饼干后，他现在有 110 片饼干。因此，我们可以建立方程：
\[ 2x + 15 - 5 = 110 \]

简化方程：
\[ 2x + 10 = 110 \]

从两边减去 10：
\[ 2x = 100 \]

除以 2：
\[ x = 50 \]

亨利去年做了 50 片饼干。

答案：50",50.0,True,1.0,108,hard
一个本地加油站每加仑汽油卖 3.00 美元。如果您在这个加油站加油，一家应用程序公司提供每加仑 0.20 美元的现金返还。如果有人购买了 10 加仑的汽油，在获得现金返还的奖励后，这个人花了多少钱买汽油？,28,"首先，计算不考虑返现的汽油总成本：10 加仑 × 每加仑 3.00 美元 = 30.00 美元。然后，计算返现：10 加仑 × 每加仑 0.20 美元 = 2.00 美元。最后，从汽油总成本中减去返现，以得出最终成本：30.00 美元 - 2.00 美元 = 28.00 美元。

答案：28.00",28.0,False,1.0,109,easy
玛舍勒和毕翠克丝正在进行一场比赛， 看看谁能吃下最多的水果卷，所以他们找到多少就展开多少。遗憾的是，有人弄错了，毕翠克丝的水果卷有 2 个水果卷宽，有 24 个水果卷长，而玛舍勒的水果卷有 3 个水果卷宽，有 14 个水果卷长。如果她们两个人全部都吃完了，她们平均吃了多少个？,45,"首先，计算玛舍勒和毕翠克丝各自吃的水果卷总数。

对于毕翠克丝：
- 2 个水果卷宽
- 24 个水果卷长
毕翠克丝的水果卷总数 = 2 * 24 = 48 个水果卷

对于玛舍勒：
- 3 个水果卷宽
- 14 个水果卷长
玛舍勒的水果卷总数 = 3 * 14 = 42 个水果卷

接下来，计算她们两个人一起吃的水果卷总数：
水果卷总数 = 48 + 42 = 90 个水果卷

现在，计算她们平均吃的水果卷数量：
平均吃的水果卷数量 = 水果卷总数 / 2 = 90 / 2 = 45

答案：45",45.0,True,1.0,110,easy
朱丽叶在湖上时，她的船漏水了。她朝着岸边每划 10 英尺，船就进水 2 升。她用 16 秒划了20 英尺。到达岸边需要 64 秒。当朱丽叶到达岸边时，船的进水量是多少？,16,"首先，确定朱丽叶每秒划船的距离。朱丽叶用 16 秒划了 20 英尺，因此她的速度为 \( \frac{20}{16} = 1.25 \) 英尺/秒。

接下来，计算朱丽叶到达岸边所需的时间。由于她用 64 秒到达岸边，因此她的速度为 \( \frac{20}{64} = 0.3125 \) 英尺/秒。

现在，计算朱丽叶的总划行距离。由于她以 0.3125 英尺/秒的速度到达岸边，行程 20 英尺所需的时间为 64 秒。因此，她的总划行距离为 \( 0.3125 \times 64 = 20 \) 英尺。

最后，计算船进水量。朱丽叶每划 10 英尺，船进水 2 升。因此，她的总进水量为 \( \frac{20}{10} \times 2 = 4 \) 升。

答案：4",4.0,False,1.0,111,hard
一间教室有一张白板，由 4 名老师共用，他们轮流使用这间教室。每位老师每天有 2 节课，每节课都使用白板。如果白板每节课擦 3 次，白板每天擦多少次？,24,"让我们一步一步地分解这个问题：

1. **确定每位老师每天使用的白板次数：**
   - 每位老师每天有 2 节课。
   - 每节课使用白板 3 次。
   - 因此，每位老师每天使用白板 \(2 \times 3 = 6\) 次。

2. **计算所有老师每天使用的白板总次数：**
   - 有 4 名老师。
   - 每位老师每天使用白板 6 次。
   - 因此，所有老师每天使用白板 \(4 \times 6 = 24\) 次。

**答案：** 24",24.0,True,1.0,112,medium
莱恩每天在他的花园里种下 2 棵花。如果 5 棵不长，15 天后，他有多少棵花？,25,"莱恩每天种下 2 棵花，持续 15 天，总共种下 2 × 15 = 30 棵花。由于 5 棵没有长，实际的植物数量为 30 - 5 = 25 棵。
答案：25",25.0,True,1.0,113,easy
"贾马尔的手机能容纳的照片数量是布列塔尼手机的 6 倍。布列塔尼的手机能容纳的最大照片数量是贾马尔在动物园拍摄的鸭子照片中鸭子数量的 50 倍。如果贾马尔的手机能容纳 1,800 张照片，贾马尔在动物园拍摄的照片中能看到多少只鸭子？",6,"贾马尔手机中的照片数量是布列塔尼手机的 6 倍，因此布列塔尼手机中的照片数量是 1800 / 6 = 300 张。
布列塔尼手机中的照片数量是贾马尔在动物园拍摄的鸭子照片中鸭子数量的 50 倍，因此鸭子数量是 300 / 50 = 6 只。
答案：6",6.0,True,1.0,114,hard
莎夏注意到，在她买了一些木材后，过去几个月内，木材价格上涨了 50%。由于她有剩余的木材，她决定把它们卖掉。她剩下 10 片 2 x 4 x 10 的木板，每片木板花了她 10 美元。她还有 5 片 4 x 4 x 10 的木板，她买每片木板花了 16 美元。如果全部卖完，她能获得多少利润？,90,"首先，计算 2 x 4 x 10 木板的原始价格：2 x 4 x 10 x 10 美元 = 800 美元。

然后，计算木材价格上涨后的新价格：800 美元 x (1 + 50%) = 800 美元 x 1.5 = 1200 美元。

接下来，计算 2 x 4 x 10 木板的总收入：10 x 1200 美元 = 12000 美元。

然后，计算 4 x 4 x 10 木板的总成本：5 x 16 美元 = 80 美元。

最后，计算总利润：12000 美元 - 80 美元 = 11920 美元。

答案：11920",11920.0,False,1.0,115,medium
凯蒂以 7 茶匙糖和 13 杯水的比例泡咖啡。如果她使用的糖和水一共 120 茶匙和杯，请计算她使用了多少茶匙的糖。,42,"设 \( S \) 为糖的茶匙数，\( W \) 为水的杯数。已知比例为 \( \frac{S}{W} = \frac{7}{13} \)，且糖和水的总量为 \( S + W = 120 \)。

**步骤 1：** 根据比例关系建立方程：
\[
S = \frac{7}{13}W
\]

**步骤 2：** 将 \( S \) 的表达式代入总量的方程：
\[
\frac{7}{13}W + W = 120
\]

**步骤 3：** 合并同类项：
\[
\left(\frac{7}{13} + 1\right)W = 120
\]

**步骤 4：** 简化括号内的表达式：
\[
\left(\frac{7}{13} + \frac{13}{13}\right)W = \frac{20}{13}W
\]

**步骤 5：** 求解 \( W \)：
\[
\frac{20}{13}W = 120 \implies W = 120 \times \frac{13}{20} = 78
\]

**步骤 6：** 使用 \( W = 78 \) 计算 \( S \)：
\[
S = 120 - 78 = 42
\]

**验证：**
比例 \( \frac{S}{W} = \frac{42}{78} = \frac{7}{13} \)，符合题目条件。

**答案：** 42",42.0,True,1.0,116,easy
约翰为 3 个孩子各买了 2 双鞋，每双鞋 60 美元。他支付了多少钱？,360,首先，确定约翰为每个孩子购买的鞋子总数：3 个孩子 × 2 双/孩子 = 6 双。然后，计算所有鞋子的总成本：6 双 × 每双 60 美元 = 360 美元。答案：360,360.0,True,1.0,117,easy
海滨清关处主码头的一位海关官员清点了 2 个进口自行车集装箱，每个集装箱里面有 5 辆自行车。第二天来了更多集装箱，码头上的自行车总数达到 30 辆。假设所有集装箱各有 5 辆自行车，请计算第二天进口的集装箱数量。,4,"**推理步骤：**

1. **初始自行车数量：** 海关官员最初清点了 2 个集装箱，每个集装箱有 5 辆自行车。因此，初始自行车总数为：
   \[
   2 \times 5 = 10 \text{ 辆}
   \]

2. **第二天自行车数量：** 第二天，码头上的自行车总数达到 30 辆。假设 \( n \) 是第二天进口的集装箱数量，则：
   \[
   10 + 5n = 30
   \]

3. **求解 \( n \)：** 解方程：
   \[
   5n = 30 - 10 \\
   5n = 20 \\
   n = \frac{20}{5} \\
   n = 4
   \]

**答案：** 4",4.0,True,1.0,118,medium
"阿德里安的总工资比莱拉的总工资高 30%。四年后，他的工资上涨了，他的收入比四年前高出 40%。如果阿德里安的工资和莱拉的工资同时上涨，阿德里安四年前的收入是 40,000 美元，请计算两个人四年后的工资总额?",95200,"设莱拉四年前的收入为 \( L \)。根据题目，阿德里安四年前的收入为 40,000 美元。因此，莱拉四年前的收入是 40,000 美元。

四年后，阿德里安的收入比四年前高出 40%。因此，阿德里安的收入为：
\[ 40,000 + 0.40 \times 40,000 = 40,000 + 16,000 = 56,000 \]

莱拉的收入没有变化，仍然是 40,000 美元。

如果两个人的工资同时上涨，设他们四年后的工资分别为 \( A \) 和 \( L \)。根据题目，阿德里安的收入比莱拉的收入高 30%。因此：
\[ A = 1.30 \times L \]

我们知道阿德里安的收入为 56,000 美元，因此：
\[ 1.30 \times L = 56,000 \]
\[ L = \frac{56,000}{1.30} = 43,076.92 \]

因此，莱拉四年后的收入为 43,076.92 美元。

两个人四年后的工资总额为：
\[ 56,000 + 43,076.92 = 99,076.92 \]

答案：99076.92",99076.92,False,1.0,119,hard
米盖尔每周用 2 叠纸画画。如果一叠纸有 30 张纸，他每个月用掉多少张纸？,240,"米盖尔每周用 2 叠纸画画，一叠纸有 30 张纸，所以他每周用掉的纸张总数为 2 * 30 = 60 张纸。一个月有大约 4 周，所以他每月用掉的纸张总数为 60 * 4 = 240 张纸。
答案：240",240.0,True,1.0,120,easy
莫里塞特和凯尔被要求带水果。莫里塞特带了 5 颗苹果和 8 颗橙子，而凯尔比莫里塞特多带了一倍的苹果，少带了一半的橙子。他们一共带了多少水果？,27,"莫里塞特带了 5 颗苹果和 8 颗橙子。
凯尔比莫里塞特多带了一倍的苹果，所以凯尔带了 2 * 5 = 10 颗苹果。
凯尔比莫里塞特少带了一半的橙子，所以凯尔带了 8 / 2 = 4 颗橙子。
因此，莫里塞特一共带了 5 + 8 = 13 颗水果。
凯尔一共带了 10 + 4 = 14 颗水果。
因此，他们一共带了 13 + 14 = 27 颗水果。
答案：27",27.0,True,1.0,121,medium
莎蒂周一睡了 8 小时。接下来两天她各少睡了 2 小时，因为她必须完成一些任务。如果在这周剩下的时间里，她比那两天多睡 1 小时，她在整个星期一共睡了多少个小时？,48,"莎蒂周一睡了 8 小时。接下来两天，她各少睡了 2 小时，总共少睡了 4 小时（2 小时/天 * 2 天）。这意味着在那两天里，她总共睡了 8 小时 - 4 小时 = 4 小时。

如果在这周剩下的时间里，她比那两天多睡了 1 小时，那么这意味着她在这周剩下的时间里睡了 8 小时（因为那两天她总共睡了 4 小时，而剩下的时间比那两天多睡了 1 小时）。

因此，她在整个星期一共睡了 8 小时 + 4 小时 = 12 小时。

答案：12",12.0,False,1.0,122,medium
罗茜能跑 3 小时，每小时跑 10 英里。之后，她每小时跑 5 英里。她在 7 小时内能跑多少英里？,50,"罗茜在前 3 小时内跑了 3 小时 × 10 英里/小时 = 30 英里。接下来的 4 小时中，她以每小时 5 英里的速度跑了 4 小时 × 5 英里/小时 = 20 英里。因此，在 7 小时内，她总共跑了 30 英里 + 20 英里 = 50 英里。

答案：50",50.0,True,1.0,123,easy
珍妮在她妈妈的办公室帮忙。她有一沓 60 封需要贴邮票的信和一沓已经贴好邮票的信。她在需要贴邮票的信的三分之一上贴上邮票。如果现在那堆已经贴好邮票的信中有 30 封信，当珍妮开始贴邮票时，那堆信中有多少封信？,10,"珍妮开始贴邮票时，有一沓 60 封需要贴邮票的信和一沓已经贴好邮票的信。当她贴完三分之一的 60 封信后，剩下的 60 - 60/3 = 40 封信仍然需要贴邮票。贴完这些信后，她贴完 30 封已经贴好邮票的信中的信。设已经贴好邮票的信的总数为 x。因此，x + 30 = 40，这意味着 x = 10。因此，珍妮开始贴邮票时，信的总数为 60 + 10 = 70。
答案：70",70.0,False,1.0,124,medium
朱丽叶正在为在她家里举办的晚餐聚会做准备，她打算在晚餐上提供炖菜。她注意到塑料勺子用完了，所以她买了一包新勺子。后来，她的丈夫也买了一包 5 把新勺子，并把它们拿给朱丽叶。当朱丽叶做炖菜时，她用了 3 把勺子来试吃炖菜。后来，当她在摆放餐具时，一共有 12 把勺子。朱丽叶买的那包勺子里面有多少把勺子？,10,"朱丽叶最初有 12 把勺子（包括她买的那包勺子）。她的丈夫又给了她 5 把新的勺子，所以总共有 12 + 5 = 17 把勺子。当她用 3 把勺子试吃炖菜后 remaining 勺子数量为 17 - 3 = 14 把。朱丽叶买的那包勺子必须是剩余勺子中的 14 把。

答案：14",14.0,False,1.0,125,hard
迪伦需要鸡肉肠和鱼肠，以在派对上做香肠面包。他买了 38 根鸡肉肠，并且比鸡肉肠多买了 6 根鱼肠。迪伦一共买了多少根香肠？,82,"迪伦买了 38 根鸡肉肠。他比鸡肉肠多买了 6 根鱼肠，所以他买了 38 + 6 = 44 根鱼肠。要计算总香肠数量，我们将鸡肉肠和鱼肠相加：38 + 44 = 82。

答案：82",82.0,True,1.0,126,easy
在转学到新学校后，艾米比莉莉多交了 20 个朋友。如果莉莉交了 50 个朋友，莉莉和艾米一共交了多少个朋友？,120,"艾米比莉莉多交了 20 个朋友，而莉莉交了 50 个朋友。要找出艾米交了多少个朋友，我们从莉莉交的朋友数量中减去 20：
50 - 20 = 30
艾米交了 30 个朋友。
要找出莉莉和艾米一共交了多少个朋友，我们将他们各自交的朋友数量相加：
50 + 30 = 80
答案：80",80.0,False,1.0,127,easy
威尔的妈妈在当地商店卖西瓜、辣椒和橙子。西瓜的价格是辣椒价格的三倍。橙子的价格比西瓜的价格少 5 美元。狄龙被派去这家店购买 4 颗西瓜、20 根辣椒和 10 颗橙子。如果每根辣椒 15 美元，他一共要花多少钱？,880,"让我们定义变量：
- 设 \( J \) 为辣椒的价格。
- 西瓜的价格为 \( 3J \)。
- 橙子的价格为 \( 3J - 5 \)。

狄龙购买的物品如下：
- 4 颗西瓜，价格为 \( 4 \times 3J = 12J \)。
- 20 根辣椒，价格为 \( 20 \times J = 20J \)。
- 10 颗橙子，价格为 \( 10 \times (3J - 5) = 30J - 50 \)。

总成本为：
\[
12J + 20J + (30J - 50) = 62J - 50
\]

答案：62J - 50",50.0,False,1.0,128,hard
一家医院每天接诊 500 人。每位患者的看诊时长平均为 24 分钟。医生对医院收费每小时 150 美元，医院对患者收费每小时 200 美元。医院从这些就诊中获得多少利润？,10000,"1. 首先，计算每天的总看诊时间：
   - 每天的总看诊时间 = 500 人/天 × 24 分钟/人 = 12,000 分钟/天。

2. 将总看诊时间从分钟转换为小时：
   - 每天的总看诊时间 = 12,000 分钟 ÷ 60 分钟/小时 = 200 小时/天。

3. 计算医生提供的总工作时间：
   - 医生提供的总工作时间 = 200 小时/天 ÷ 医生每小时的收入 = 200 小时/天 ÷ 150 美元/小时 = 1.333... 小时/天。

4. 计算医院从就诊中获得的总收入：
   - 医院的收入 = 200 小时/天 × 200 美元/小时 = 40,000 美元/天。

5. 计算医院的总成本：
   - 医院的成本 = 200 小时/天 × 150 美元/小时 = 30,000 美元/天。

6. 计算医院的利润：
   - 利润 = 医院的收入 - 医院的成本 = 40,000 美元 - 30,000 美元 = 10,000 美元。

答案：10000",10000.0,True,1.0,129,hard
妮莎雇用了 60 名季节性工人在她百货商店的圣诞村扮演精灵。三分之一的精灵在孩子们吐在他们身上后辞职，然后剩下的精灵中有 10 人在孩子们踢了他们的胫骨后辞职。剩下多少个精灵？,30,"妮莎最初有 60 名精灵。三分之一的精灵辞职：
\[ \frac{1}{3} \times 60 = 20 \]
所以，20 名精灵辞职。剩下精灵的数量为：
\[ 60 - 20 = 40 \]
剩下的精灵中有 10 人辞职：
\[ 40 - 10 = 30 \]
答案：30",30.0,True,1.0,130,medium
约瑟夫在 5 月份的支出为 500 美元。6 月份，他的支出少了 60 美元。他在这两个月的支出总额是多少？,940,"约瑟夫在 5 月份的支出为 500 美元。在 6 月份，他的支出少了 60 美元，这意味着他在 6 月份的支出为 500 美元 - 60 美元 = 440 美元。因此，他的两个月的总支出为 500 美元 + 440 美元 = 940 美元。
答案：940",940.0,True,1.0,131,easy
帕姆和弗莱德去参加狂欢节。帕姆坐了 2 次云霄飞车，而弗莱德坐了 4 次。在此之后，他们各自决定坐雪橇 2 次。如果每坐一次需要 6 张门票，他们那天用掉了多少张门票？,60,"帕姆坐了 2 次云霄飞车和 2 次雪橇，总共 2 + 2 = 4 次。弗莱德坐了 4 次云霄飞车和 2 次雪橇，总共 4 + 2 = 6 次。帕姆和弗莱德一起坐了 4 + 6 = 10 次。由于每坐一次需要 6 张门票，他们那天用掉了 10 * 6 = 60 张门票。
答案：60",60.0,True,1.0,132,medium
周一，沃尔特步行了 4 英里。周二，他的步行距离是他周一步行距离的 6 倍。从周一到周三，他的总里程数是 41 英里。他在周三一共步行了多少英里？,13,"设 W 为沃尔特周一步行的英里数。问题指出，W = 4。设 W2 为他周二步行的英里数。由于 W2 是 W 的 6 倍，因此 W2 = 6 * W = 6 * 4 = 24。设 W3 为他周三步行的英里数。周一到周三的总里程数为 W + W2 + W3 = 41。代入 W = 4 和 W2 = 24 后，我们得到 4 + 24 + W3 = 41。简化后，我们得到 W3 = 41 - 4 - 24 = 13。因此，沃尔特在周三步行了 13 英里。

答案：13",13.0,True,1.0,133,hard
汤姆每周洗 4 次车。如果每次洗车 15 美元，他一年要支付多少钱？,720,"首先，计算汤姆每周洗车的总次数：4 次/周。
然后，将每周洗车次数乘以 52（一年中的周数）以计算每年洗车的总次数：4 次/周 × 52 周/年 = 208 次/年。
接下来，将每次洗车的费用乘以每年洗车的总次数，以计算总费用：208 次/年 × 15 美元/次 = 3,120 美元/年。
答案：3120",3120.0,False,1.0,134,easy
布莱恩的朋友波比的电子游戏数量比布莱恩的 3 倍少 5 个。如果布莱恩有 20 个电子游戏，但就在进行比较前失去了 5 个，则波比有多少个？,40,"布莱恩最初有 20 个电子游戏，但失去了 5 个，所以他现在有 20 - 5 = 15 个电子游戏。
波比的电子游戏数量比布莱恩的 3 倍少 5 个，因此 3 * 15 - 5 = 45 - 5 = 40 个。
答案：40",40.0,True,1.0,135,hard
世界上剩下 27 只独角兽，其中三分之一在苏格兰高地。苏格兰高地的独角兽的三分之二是雌性。苏格兰雌性独角兽有多少只？,6,"首先，确定苏格兰高地的独角兽数量：27 只独角兽 × (1/3) = 9 只独角兽。

接下来，计算苏格兰雌性独角兽的数量：9 只独角兽 × (2/3) = 6 只独角兽。

答案：6",6.0,True,1.0,136,medium
罗瑞订购了 2 份潜水艇汉堡（每份 7.50 美元）、2 包薯条（每包 1.50 美元）和 2 份曲奇饼（每份 1.00 美元）的外卖。结账时需多付 20% 的配送费，而且她想加上 5.00 美元的小费。她的这份外卖多少钱？,29,"首先，计算食物成本：
- 2 份潜水艇汉堡：\( 2 \times 7.50 = 15.00 \)
- 2 包薯条：\( 2 \times 1.50 = 3.00 \)
- 2 份曲奇饼：\( 2 \times 1.00 = 2.00 \)

将这些金额相加：
\( 15.00 + 3.00 + 2.00 = 20.00 \)

接下来，计算配送费：
\( 20.00 \times 0.20 = 4.00 \)

加上小费：
\( 20.00 + 4.00 + 5.00 = 29.00 \)

答案：29.00",29.0,False,1.0,137,hard
马克昨天参加了一场由 75 道题构成的测验。他以每小时完成 5 道题的速度完成了这场测验。今天，他以同样的速度参加了另一场 100 道题的测验。如果马克有 8 小时的时间完成第一场测验，并且有 6 小时的时间完成第二场测验，则他有多少道题没有作答？,105,"**推理步骤：**
1. **计算第一场测验的总时间：**
   马克以每小时 5 道题的速度完成 75 道题。
   总时间 = \( \frac{75}{5} = 15 \) 小时。
2. **计算第一场测验未完成题目数：**
   马克有 8 小时完成第一场测验。
   未完成题目数 = \( 75 - 5 \times 8 = 75 - 40 = 35 \)。
3. **计算第二场测验的总时间：**
   马克以同样的速度完成 100 道题。
   总时间 = \( \frac{100}{5} = 20 \) 小时。
4. **计算第二场测验未完成题目数：**
   马克有 6 小时完成第二场测验。
   未完成题目数 = \( 100 - 5 \times 6 = 100 - 30 = 70 \)。
5. **计算总未完成题目数：**
   总未完成题目数 = 35 + 70 = 105。

答案：105",105.0,True,1.0,138,hard
在一台糖果机中，粉色口香糖球的数量比蓝色口香糖球数量的四倍多 22 颗。如果有 12 颗蓝色口香糖球，粉色口香糖球有多少颗？,70,"设蓝色口香糖球的数量为 \( B \)，粉色口香糖球的数量为 \( P \)。根据题目，\( P = 4B + 22 \)。已知 \( B = 12 \)，将此值代入方程：

\[
P = 4 \times 12 + 22 = 48 + 22 = 70
\]

因此，粉色口香糖球的数量为 **70**。

**答案：70**",70.0,True,1.0,139,medium
在 20 辆可供出租的汽车中，有 12 辆是自动挡汽车，4 辆是手动挡汽车，其余的是半自动挡汽车。半自动挡汽车的百分比是多少？,20,"有 20 辆汽车，其中 12 辆是自动挡，4 辆是手动挡。自动挡和手动挡汽车的总数为 12 + 4 = 16 辆。汽车总数为 20 辆，因此半自动挡汽车的数量为 20 - 16 = 4 辆。半自动挡汽车的百分比计算为 (4 / 20) * 100 = 20%。

答案：20%",20.0,True,1.0,140,easy
蜂巢中有 700 只蜜蜂。工蜂的数量是幼蜂的两倍，幼蜂的数量是蜂后的两倍。工蜂有多少只？,400,"设蜂后数量为 x。
幼蜂的数量是蜂后的两倍，因此幼蜂的数量为 2x。
工蜂的数量是幼蜂的两倍，因此工蜂的数量为 2 * 2x = 4x。
蜜蜂的总数是蜂后、幼蜂和工蜂数量的总和：x + 2x + 4x = 7x。
我们知道蜂巢中有 700 只蜜蜂，因此 7x = 700。
解得 x，我们得到 x = 100。
由于工蜂的数量是幼蜂的两倍，因此工蜂的数量为 4x = 4 * 100 = 400。
答案：400",400.0,True,1.0,141,easy
乔丹每天玩电子游戏 2 小时。他还有一份时薪 10 美元的兼职工作。如果乔丹把玩游戏的时间用来工作，他一周能赚多少钱？,140,"首先，计算乔丹每周玩游戏的总小时数：2 小时/天 × 7 天/周 = 14 小时/周。

接下来，计算乔丹在 14 小时内可以赚取的总收入：14 小时/周 × 10 美元/小时 = 140 美元/周。

答案：140",140.0,True,1.0,142,medium
约翰花 2 美元买牛奶，花 3 美元买鸡蛋，花 3 美元买灯泡，花 3 美元买杯子，花 4 美元买蟑螂诱捕器。如果所有非食品类商品需缴纳 10% 的税收，全部商品多少钱?,16,"首先，我们需要确定约翰购买的商品的总成本。牛奶的成本为 2 美元，鸡蛋的成本为 3 美元，灯泡的成本为 3 美元，杯子的成本为 3 美元，蟑螂诱捕器的成本为 4 美元。将这些成本相加，得到：2 + 3 + 3 + 3 + 4 = 15 美元。

接下来，我们需要计算税收。税收是商品总成本的 10%。因此，税收为 15 的 10%，即 1.5 美元。

最后，我们将税收加到商品总成本上，以得出最终的总成本。总成本为 15 美元 + 1.5 美元 = 16.5 美元。

答案：16.5",16.5,False,1.0,143,medium
金姆创立了自己的家政服务公司，正在计算自己能从客户身上获得多少利润。他已经有 3 位客户，但正在谈 5 位潜在客户，并且有足够的信心将他们纳入计算中。清洁每位客户的房子将需要 2 瓶漂白剂和一包抹布。每瓶漂白剂 2 美元，每包抹布 5 美元。这些是他唯一的支出。根据计算，他每周的总收入将达到 92 美元。利润是收入总额与支出总额之间的差额，所以卢卡斯每周将获得多少美元的利润？,20,"首先，计算金姆每位客户的总成本：
- 每位客户需要 2 瓶漂白剂，每瓶 2 美元，所以漂白剂成本为 2 * 2 = 4 美元。
- 每位客户还需要一包抹布，每包 5 美元，所以抹布成本为 5 美元。
- 每位客户的总成本为 4 + 5 = 9 美元。

接下来，计算所有客户的总成本：
- 金姆有 3 位客户，所以 3 位客户的总成本为 3 * 9 = 27 美元。

然后，计算总收入：
- 金姆每周的总收入为 92 美元。

现在，计算总支出：
- 总支出是 27 美元（所有客户的成本）。

最后，计算利润：
- 利润是总收入减去总支出，即 92 - 27 = 65 美元。

答案：65",65.0,False,1.0,144,medium
约翰有 10 公顷的菠萝地。每公顷有 100 棵菠萝。约翰每 3 个月收割菠萝一次。约翰一年内能收割多少菠萝？,4000,"**推理步骤：**
1. **计算总菠萝数量：**
   - 约翰的菠萝地面积：10 公顷
   - 每公顷菠萝数量：100 棵
   - 总菠萝数量 = 10 公顷 × 100 棵/公顷 = 1000 棵

2. **确定一年内收割次数：**
   - 收割频率：每 3 个月一次
   - 一年内有 12 个月
   - 一年内收割次数 = 12 个月 ÷ 3 个月/次 = 4 次

**答案：** 4000",4000.0,True,1.0,145,easy
约翰尼正在从他房间里的地板上捡起玩具。他往地板上倒了一套 500 块的盒装乐高，还倒了一套数量比 500 块这一套多 3 倍的乐高和一套只有这个数量的 1/4 的乐高。如果约翰尼要捡起所有乐高，他要捡起多少块？,2125,"约翰尼倒了一套 500 块的乐高，还倒了一套数量比 500 块这一套多 3 倍的乐高，即 3 × 500 = 1500 块。他还倒了一套只有这个数量的 1/4 的乐高，即 1500 ÷ 4 = 375 块。要计算约翰尼要捡起的所有乐高块数，我们将这三套乐高块数相加：500 + 1500 + 375 = 2000 + 375 = 2375
答案：2375",2375.0,False,1.0,146,hard
黛博拉正在监测一个蜂巢，看看一天有多少只蜜蜂进出。她在前 6 个小时看到 30 只蜜蜂离开蜂巢，然后她在接下来的 6 个小时看到相当于这个数量的 1/2 的蜜蜂返巢。她在接下来的 6 个小时看到相当于她第一次看到的蜜蜂数量两倍的蜜蜂从蜂巢飞出并离开。然后每只在此之前离开且尚未返回的蜜蜂在接下来的 6 个小时返回蜂巢。黛博拉在一天最后的 6 个小时看到多少只蜜蜂返回蜂巢？,75,"黛博拉在前 6 小时内观察到 30 只蜜蜂离开蜂巢。在接下来的 6 小时内，她观察到相当于这个数量的 1/2 的蜜蜂返巢，即 15 只蜜蜂。因此，在 6 小时的总时间里，有 30 只蜜蜂离开蜂巢，15 只蜜蜂返回蜂巢。

在接下来的 6 小时内，黛博拉观察到相当于她第一次看到的蜜蜂数量两倍的蜜蜂离开蜂巢，即 2 * 15 = 30 只蜜蜂。因此，在接下来的 6 小时内，有 30 只蜜蜂离开蜂巢。

到目前为止，有 30 只蜜蜂离开蜂巢，15 只蜜蜂返回蜂巢，共 45 只蜜蜂。

由于最初有 30 只蜜蜂离开蜂巢，然后有 30 只蜜蜂离开蜂巢，接下来的 6 小时内还有 30 只蜜蜂离开蜂巢。

因此，在最后 6 小时内，有 30 只蜜蜂返回蜂巢。

答案：30",30.0,False,1.0,147,hard
布列塔尼和她的妈妈去博物馆。门票费用是成人 12 美元，儿童 10 美元。布列塔尼的妈妈给收银员 1 张儿童票和 1 张成人票的钱。如果她收到 8 美元的找零，则她给了收银员多少美元？,30,"布列塔尼的妈妈给了收银员 1 张儿童票（10 美元）和 1 张成人票（12 美元），总共是 10 美元 + 12 美元 = 22 美元。她收到了 8 美元的找零，这意味着她最初给了收银员 22 美元 + 8 美元 = 30 美元。因此，布列塔尼的妈妈给了收银员 30 美元。

答案：30",30.0,True,1.0,148,medium
查理的 Facebook 好友人数是桃乐丝的 3 倍。詹姆斯的 Facebook 好友人数是桃乐丝的 4 倍。如果查理有 12 位 Facebook 好友，则詹姆斯有多少位 Facebook 好友？,16,"桃乐丝有 \( \frac{12}{3} = 4 \) 位 Facebook 好友，因为查理的好友人数是桃乐丝的 3 倍。
詹姆斯有桃乐丝好友人数的 4 倍，即 \( 4 \times 4 = 16 \) 位 Facebook 好友。

答案：16",16.0,True,1.0,149,medium
史蒂夫和蒂姆决定看看谁能最快从学校回到家。史蒂夫比蒂姆住得远，所以他被允许骑自行车。史蒂夫住的地方离学校 3 英里，而且他骑自行车的速度为每分钟 440 英尺。蒂姆住的地方离学校 2 英里。如果蒂姆能以每分钟 264 英尺的速度骑滑板，则在失败者完成比赛前，获胜者将在自己家里等多长时间？,4,"首先，计算史蒂夫和蒂姆的到家时间。

对于史蒂夫：
- 距离：3 英里
- 速度：每分钟 440 英尺
- 时间 = 距离 / 速度 = 3 英里 / 440 英尺/分钟 = 每分钟 0.00680833 英里
- 分钟数 = 3 英里 / 0.00680833 英里/分钟 = 437.80880440 分钟

对于蒂姆：
- 距离：2 英里
- 速度：每分钟 264 英尺
- 时间 = 距离 / 速度 = 2 英里 / 264 英尺/分钟 = 每分钟 0.007576923 英里
- 分钟数 = 2 英里 / 0.007576923 英里/分钟 = 263.333333333 分钟

计算时间差：
- 时间差 = 437.80880440 分钟 - 263.333333333 分钟 = 174.47446707 分钟

答案：174.47447",174.47447,False,1.0,150,medium
Shawnda 决定她所在街区的孩子们可以真的使用自行车轮胎打气服务。她决定最佳收费方式是按轮胎收费。每个轮胎打气的费用是 25 美分。第一天，5 个人骑着双轮自行车过来给每个轮胎打气。3 个人过来给全部三轮自行车的轮胎打气。最后，一个人实际上是骑着单轮自行车过来的。她那天赚了多少美元？,5,"**推理步骤：**
1. **计算双轮自行车轮胎的打气次数：** 5 个人 × 2 个轮胎 = 10 个轮胎。
2. **计算三轮自行车轮胎的打气次数：** 3 个人 × 3 个轮胎 = 9 个轮胎。
3. **计算单轮自行车轮胎的打气次数：** 1 个人 × 1 个轮胎 = 1 个轮胎。
4. **计算总打气次数：** 10 + 9 + 1 = 20 个轮胎。
5. **计算总收入：** 20 个轮胎 × 25 美分/个 = 500 美分。
6. **将美分转换为美元：** 500 美分 ÷ 100 美分/美元 = 5 美元。

**答案：** 5",5.0,True,1.0,151,medium
卡尔买了 10 包曲奇饼。每包曲奇饼里面有 6 片曲奇饼。每片曲奇饼 0.10 美元。如果卡尔用 10 美元的钞票付款，他会收到多少零钱？,4,"首先，计算曲奇饼的总片数：10 包 × 每包 6 片 = 60 片。

接下来，计算曲奇饼的总成本：60 片 × 每片 0.10 美元 = 6.00 美元。

最后，计算零钱：10.00 美元 - 6.00 美元 = 4.00 美元。

答案：4.00",4.0,False,1.0,152,easy
戴夫买了一大包炸薯条，在一只饥饿的海鸥从他手里偷走那包薯条前，他吃了 14 根。当海鸥降落后，它狼吞虎咽地吃掉了戴夫所吃数量的一半的炸薯条。然后 3 只鸽子把它从这份食物上赶走了，而且每只鸽子吃了 3 根薯条。后来，一只浣熊偷走了剩下薯条的三分之二。蚂蚁扛走了最后一根炸薯条，留下了 5 根。当戴夫买这包薯条时，里面有多少根炸薯条？,48,"让我们一步一步地解决这个问题：

1. **海鸥吃了 14 根薯条。**
   - 海鸥吃了 14 根薯条。

2. **海鸥吃了戴夫所吃数量的一半。**
   - 海鸥吃了戴夫吃掉数量的一半，即 \( \frac{14}{2} = 7 \) 根薯条。

3. **海鸥后剩下薯条数量。**
   - 海鸥后剩下薯条数量为 \( 14 - 7 = 7 \) 根。

4. **三只鸽子吃了 3 根薯条。**
   - 三只鸽子吃了 3 根薯条，所以剩下的薯条数量为 \( 7 - 3 = 4 \) 根。

5. **浣熊偷走了剩下薯条的三分之二。**
   - 浣熊偷走了剩下薯条的三分之二，即 \( \frac{2}{3} \times 4 = \frac{8}{3} \approx 2.67 \) 根。
   - 由于薯条是整数，我们假设浣熊吃了 2 或 3 根薯条。考虑到上下文，最合理的解释是浣熊吃了 2 或 3 根薯条。
   - 为了简化计算，我们假设浣熊吃了 3 根薯条（因为 3 根薯条比 2 根薯条更接近三分之二）。

6. **浣熊后剩下薯条数量。**
   - 浣熊后剩下薯条数量为 \( 4 - 3 = 1 \) 根。

7. **蚂蚁抗走了最后一根薯条，留下了 5 根。**
   - 蚂蚁抗走了最后一根薯条，所以最初有 \( 1 + 5 = 6 \) 根薯条。

因此，当戴夫买这包薯条时，里面有 **6** 根炸薯条。

答案：6",6.0,False,1.0,153,hard
周一、周三和周五，大学生基莫每天有 3 节 1 小时的课。周二和周四，他每天有 2 节 2 小时的课。一个学期中有 16 周的上学时间。在一个学期中，基莫用多少时间上课？,272,"基莫在周一、周三和周五有 3 节 1 小时的课，总共 3 * 1 = 3 小时。这些课在 3 天进行，所以总共是 3 * 3 = 9 小时。周二和周四，他有 2 节 2 小时的课，总共 2 * 2 = 4 小时。这些课在 2 天进行，所以总共是 4 * 2 = 8 小时。将这些时间相加，基莫在每个学期内总共上课 9 + 8 = 17 小时。

答案：17",17.0,False,1.0,154,medium
比尔每天做 300 个面包卷、120 个巧克力羊角面包和 60 个长棍面包。每个面包卷长 4 英寸，每个羊角面包长 6 英寸，每个长棍面包长 2 英尺。如果比尔把所有做好的面包头尾相连，一共长多少英尺？,280,"首先，计算所有面包卷的总长度：300 个面包卷 × 4 英寸/个面包卷 = 1200 英寸。然后，计算所有羊角面包的总长度：120 个羊角面包 × 6 英寸/个羊角面包 = 720 英寸。接下来，计算所有长棍面包的总长度：60 个长棍面包 × 2 英尺/个长棍面包 = 120 英尺。将所有长度相加：1200 英寸 + 720 英寸 + 120 英尺 = 1560 英寸。将其转换为英尺：1560 英寸 ÷ 12 英寸/英尺 = 130 英尺。

答案：130",130.0,False,1.0,155,medium
动物园管理员喂养动物园里的所有猿。他每 2 个月从一家当地农场订购所有香蕉。如果猴子每个月需要 200 根香蕉，大猩猩每个月需要 400 根香蕉，狒狒每个月需要 100 根香蕉，则他需要订购多少根香蕉才能维持 2 个月？,1400,"首先，计算猴子需要 2 个月的香蕉总数：200 根/月 × 2 个月 = 400 根。然后，计算大猩猩需要 2 个月的香蕉总数：400 根/月 × 2 个月 = 800 根。最后，计算狒狒需要 2 个月的香蕉总数：100 根/月 × 2 个月 = 200 根。将所有动物所需的香蕉数量相加：400 根 + 800 根 + 200 根 = 1400 根。
答案：1400",1400.0,True,1.0,156,medium
布莱克和凯利在进行一场比赛，看看谁能在 15 分钟内跑最远。他们决定在一个长 100 码的足球场上进行比赛。布莱克来回跑了 15 次。凯利来回跑了一次，然后决定自己不想在布莱克旁边跑，所以她开始跑到 40 码线并返回。她这样跑了 34 次。获胜者比失败者多跑多远？,80,"**推理步骤：**

1. **计算布莱克的总距离：**
   - 布莱克来回跑了 15 次，每次距离 100 码。
   - 布莱克总距离 = 15 次 * 100 码/次 = **1500 码**

2. **计算凯利的总距离：**
   - 凯利来回跑了一次（100 码），然后跑到 40 码线并返回。
   - 凯利总距离 = 100 码 + 40 码 + 40 码 = **180 码**

3. **比较布莱克和凯利的距离：**
   - 布莱克跑了 1500 码，凯利跑了 180 码。
   - 布莱克跑的距离 > 凯利跑的距离。

4. **计算获胜者跑的距离：**
   - 获胜者跑的距离 = 布莱克跑的距离 - 凯利跑的距离
   - 获胜者跑的距离 = 1500 码 - 180 码 = **1320 码**

答案：1320",1320.0,False,1.0,157,hard
拉斐尔去买一些学校用品。他买了 4 根笔（每根 1.5 美元）、2 本笔记本（每本 4 美元）和一令铜版纸（20 美元）。拉斐尔买所有用品花了多少钱？,34,"计算笔的总成本：4 根笔 × 每根 1.5 美元 = 6 美元。计算笔记本的总成本：2 本笔记本 × 每本 4 美元 = 8 美元。计算铜版纸的成本：20 美元。计算所有物品的总成本：6 美元 + 8 美元 + 20 美元 = 34 美元。
答案：34",34.0,True,1.0,158,easy
芬恩看着 11 只蝌蚪在池塘里游来游去。突然，他看到其中 6 只从藏身的睡莲叶子下面游了出来，然后他看到其中 2 只躲在石头下。芬恩现在能在池塘里看到多少只蝌蚪？,15,"芬恩最初看到 11 只蝌蚪。6 只从睡莲叶子下面游出来，所以现在有 11 - 6 = 5 只蝌蚪 remaining。之后，他看到 2 只躲在石头下，所以现在有 5 - 2 = 3 只蝌蚪在池塘里。

答案：3",3.0,False,1.0,159,easy
周一，一个水箱水深 17 英尺。周二，这个水箱里的水又深了 7 英尺。周三，水的深度是周二水的深度的三分之二。周三水箱里的水有多深？,16,"周一，水箱水深 17 英尺。
周二，水的深度又增加了 7 英尺，因此深度变为 17 + 7 = 24 英尺。
周三，水的深度是周二深度的三分之二，即 (2/3) * 24 = 16 英尺。
答案：16",16.0,True,1.0,160,hard
安纳金和洛克辛今天去了海滩。安纳金捉到 10 只海星、6 只海马和 3 条小丑鱼，而洛克辛比安纳金少捉到 5 只海星和 2 只海马，比安纳金多捉到 2 条小丑鱼。他们捉到了多少条鱼？,32,"让我们一步一步地分解这个问题。

**步骤 1：** 确定安纳金捉到的鱼的数量。
- 海星：10
- 海马：6
- 小丑鱼：3

**步骤 2：** 确定洛克辛捉到的鱼的数量。
- 洛克辛比安纳金少捉到 5 只海星：\(10 - 5 = 5\)
- 洛克辛比安纳金少捉到 2 只海马：\(6 - 2 = 4\)
- 洛克辛比安纳金多捉到 2 条小丑鱼：\(3 + 2 = 5\)

**步骤 3：** 计算安纳金和洛克辛共同捉到的鱼的总数。
- 总海星：\(10 + 5 = 15\)
- 总海马：\(6 + 4 = 10\)
- 总小丑鱼：\(3 + 5 = 8\)

**步骤 4：** 计算捉到的鱼的总数。
- 总鱼：\(15 + 10 + 8 = 33\)

答案：33",33.0,False,1.0,161,medium
如果一袋大理石 20 美元，而且价格每两个月比原价上涨 20%。在 36 个月后，一袋大理石多少钱？,92,"大理石的价格每两个月上涨 20%，这意味着每两个月价格都会增加 120%。在 36 个月内，这相当于 72 次价格上涨（36 个月 ÷ 2 个月/次）。

每次上涨后的价格为：
原始价格 × (1 + 120%) = 原始价格 × 1.2

因此，36 个月后的价格为：
原始价格 × (1.2)⁷²

计算 1.2 的 72 次方：
1.2 的 72 次方 ≈ 9.7 000

因此，36 个月后的价格为：
原始价格 × 9.7 000

由于原始价格为 20 美元：
20 美元 × 9.7 000 = 196,000 美元

答案：196000",196000.0,False,1.0,162,hard
在一个房间里有各种不同的玩具：5 辆红色玩具车、3 个玩具人和一个洋娃娃。洋娃娃的价格相当于 3 个玩具人的价格，而 1 辆玩具车 4 美元。如果一个玩具人 5 美元，所有玩具值多少钱？,50,"首先，确定玩具人的价格：一个玩具人 5 美元，因此洋娃娃的价格为 5 美元 * 3 = 15 美元。

接下来，计算玩具车和洋娃娃的总成本：5 辆玩具车 4 美元每辆，总计 5 * 4 = 20 美元。加上洋娃娃的成本，总计为 20 美元 + 15 美元 = 35 美元。

最后，计算所有玩具的总价值：3 个玩具人总计 3 * 5 = 15 美元，加上 5 辆玩具车和洋娃娃，总计为 15 美元 + 35 美元 = 50 美元。

答案：50",50.0,True,1.0,163,medium
杰姬正试图决定自己处理税务事宜，还是聘请一名会计。如果她自己处理税务事宜，她能做自由职业的工作的时间就会减少 3 小时，造成错过的收入为每小时损失 35 美元。会计的费用为 90 美元。如果她聘用会计，则会多获得多少钱？,15,"**推理步骤：**
1. **计算杰姬自己处理税务的总损失：**
   - 时间减少：3 小时
   - 每小时损失：35 美元
   - 总损失：\( 3 \times 35 = 105 \) 美元

2. **计算聘请会计的成本：**
   - 会计费用：90 美元

3. **比较两种选择的净收益：**
   - 自己处理：105 美元损失
   - 聘请会计：90 美元成本
   - 净损失：\( 105 - 90 = 15 \) 美元

**答案：** -15",15.0,True,1.0,164,easy
"为了自己的 30 岁生日，艾薇拉选择了一台配备许多配件的电脑作为礼物。她有全家人捐赠的 1,500 欧元预算，并且认为自己能留一点钱买衣服。她去了一家电脑店，并选择了一台 1,090 美元的电脑，包含屏幕、键盘和鼠标。她还花 157 欧元买了一台扫描仪，花了 74 欧元买了一台 CD 刻录机，花了 102 欧元买了一台打印机。她还剩下多少钱买衣服？",77,"首先，计算艾薇拉购买电脑和其他配件的总花费：

1. **电脑价格：** 1,090 美元
2. **扫描仪：** 157 欧元
3. **CD 刻录机：** 74 欧元
4. **打印机：** 102 欧元

将所有金额转换为欧元：

- 电脑：1,090 美元 = 409 欧元（因为 1 美元 ≈ 0.35 欧元）
- 扫描仪：157 欧元
- CD 刻录机：74 欧元
- 打印机：102 欧元

将这些金额相加：

\[ 409 \, \text{欧元} + 157 \, \text{欧元} + 74 \, \text{欧元} + 102 \, \text{欧元} = 742 \, \text{欧元} \]

艾薇拉的总预算为 1,500 欧元。减去已花费的金额，得到剩余预算：

\[ 1,500 \, \text{欧元} - 742 \, \text{欧元} = 758 \, \text{欧元} \]

因此，艾薇拉剩余的买衣服的钱为：

\[ \boxed{758} \]",,False,1.0,165,medium
每次桑德拉给她邻居的女儿当临时保姆，她邻居都会给她一篮 9 颗鸡蛋。为了制作西班牙果馅饼，她需要 3 颗鸡蛋。如果桑德拉的任务是为她学校的筹款活动制作 15 个西班牙果馅饼，桑德拉必须当多少次临时保姆？,5,"首先，确定制作 15 个西班牙果馅饼所需的鸡蛋总数：15 个馅饼 × 每个馅饼 3 颗鸡蛋 = 45 颗鸡蛋。

接下来，计算桑德拉在 15 个馅饼中可以获得多少篮鸡蛋：9 颗鸡蛋/篮 × 15 篮 = 135 颗鸡蛋。

由于每个馅饼需要 3 颗鸡蛋，计算桑德拉可以制作多少个馅饼：135 颗鸡蛋 ÷ 每个馅饼 3 颗鸡蛋 = 45 个馅饼。

由于桑德拉需要制作 15 个馅饼，确定她需要当多少次临时保姆：45 个馅饼 ÷ 每个馅饼 3 颗鸡蛋 = 15 次临时保姆。

答案：15",15.0,False,1.0,166,hard
塞特的年龄是布鲁克的两倍。两年后，他们的年龄总和将为 28 岁。塞特今年几岁？,16,"设 S 为塞特的当前年龄，B 为布鲁克的当前年龄。根据题目，S = 2B。两年后，他们的年龄总和将为 28 岁，即 2(S + 2) + 2(B + 2) = 28。因此，2S + 2B + 4 = 28，化简为 2S + 2B = 24。代入 S = 2B，得到 2(2B) + 2B = 24，即 6B = 24。因此，B = 4，S = 2B = 8。因此，塞特今年 8 岁。

答案：8",8.0,False,1.0,167,medium
吉米的钱比埃塞尔的两倍多 2 美元。如果埃塞尔有 8 美元，则吉米现在有多少钱？,18,"埃塞尔有 8 美元。
吉米的钱比埃塞尔的两倍多 2 美元。
埃塞尔的两倍是 2 * 8 = 16 美元。
再加 2 美元就是 16 + 2 = 18 美元。
答案：18",18.0,True,1.0,168,easy
潘乔每天步行 20 英里。周末除外，他在周末步行 10 英里。他一周步行多少英里？,120,"潘乔在工作日（5 天）每天步行 20 英里，总共为 5 × 20 = 100 英里。在周末（2 天）他步行 10 英里，总共为 2 × 10 = 20 英里。因此，他一周步行的总英里数为 100 + 20 = 120 英里。
答案：120",120.0,True,1.0,169,easy
军乐队正在订购新制服。每套制服由帽子、外套和长裤构成，每顶帽子 25 美元，每件外套的价格是帽子的三倍，每条长裤的价格是帽子和外套的平均价格。每套制服一共多少钱？,150,"首先，计算外套的成本：帽子的成本是 25 美元，因此外套的成本是帽子的三倍，即 25 美元 × 3 = 75 美元。然后，计算帽子和外套的平均价格：(25 美元 + 75 美元) / 2 = 50 美元。最后，计算长裤的成本：长裤的成本是帽子和外套平均价格的两倍，即 50 美元 × 2 = 100 美元。最后，将所有成本相加：25 美元 + 75 美元 + 100 美元 = 200 美元。
答案：200",200.0,False,1.0,170,medium
杰克正在参观昆虫博物馆。他看到 80 只蜘蛛（每只有 8 条腿）、90 只昆虫（每只有 6 条腿）和 3 只珍稀的突变无脊椎动物（每只有 10 条腿）。杰克一共看到多少条腿？,1210,"要确定杰克看到的一条腿总数，我们需要计算每种生物的腿数，然后将它们相加。

1. **蜘蛛：**
   - 杰克看到 80 只蜘蛛。
   - 每只蜘蛛有 8 条腿。
   - 蜘蛛的腿总数 = \( 80 \times 8 = 640 \)。

2. **昆虫：**
   - 杰克看到 90 只昆虫。
   - 每只昆虫有 6 条腿。
   - 昆虫的腿总数 = \( 90 \times 6 = 540 \)。

3. **突变无脊椎动物：**
   - 杰克看到 3 只突变无脊椎动物。
   - 每只突变无脊椎动物有 10 条腿。
   - 突变无脊椎动物的腿总数 = \( 3 \times 10 = 30 \)。

4. **腿总数：**
   - 将所有生物的腿数相加：
   \[
   640 \, (\text{蜘蛛}) + 540 \, (\text{昆虫}) + 30 \, (\text{突变无脊椎动物}) = 1210
   \]

答案：1210",1210.0,True,1.0,171,easy
守车上有 4 只鸟。莎莉二号比瑞德奶奶大 3 岁。瑞德奶奶的年龄是莎莉四号的两倍。如果莎莉四号和莎莉三十二号一样大，而莎莉三十二号 8 岁，则 4 只鸟一共多少岁？,51,"首先，确定莎莉三十二号的年龄，因为我们知道她与莎莉四号的年龄相同：
莎莉三十二号的年龄 = 8 岁。

接下来，利用莎莉三十二号的年龄，确定瑞德奶奶的年龄：
瑞德奶奶的年龄 = 莎莉三十二号的年龄的两倍 = 2 × 8 = 16 岁。

然后，利用瑞德奶奶的年龄，确定莎莉二号的年龄：
莎莉二号的年龄 = 瑞德奶奶的年龄的一半 = 16 ÷ 2 = 8 岁。

最后，计算所有鸟的总年龄：
总年龄 = 莎莉二号的年龄 + 莎莉三十二号的年龄 + 瑞德奶奶的年龄 + 鸟的总数
总年龄 = 8 + 8 + 16 + 4 = 36。

答案：36",36.0,False,1.0,172,hard
杰西卡试图弄清楚自己每个月需要为所有债务偿还多少钱。她学生贷款的每月最低还款额为 300 美元，信用卡的每月最低还款额为 200 美元，抵押贷款的每月最低还款额为 500 美元。如果杰西卡想比最低还款额多还款 50%，她一年还款多少金额？,18000,"首先，计算杰西卡每个月比最低还款额多还款的金额：
- 学生贷款：300 美元的 50% 是 150 美元
- 信用卡：200 美元的 50% 是 100 美元
- 抵押贷款：500 美元的 50% 是 250 美元

接下来，将每月额外还款金额相加：
150 美元 + 100 美元 + 250 美元 = 500 美元

然后，计算一年内总额外还款金额：
每月额外还款额 * 12 个月 = 500 美元 * 12 = 6000 美元

答案：6000",6000.0,False,1.0,173,hard
比利正在将土豆削皮和切块，准备为他的大型家庭团聚烧烤会制作土豆沙拉。这是一场盛大的活动，所以他得完成 60 颗土豆。土豆都差不多大小，将每颗土豆削皮和切块所用的时间差不多相同。比利将一颗土豆削皮需要大约一分半钟，但将一颗土豆切块只需大约 5 秒钟。比利准备好这些土豆需要多长时间？,95,"比利削皮一颗土豆需要 1.5 分钟。切块一颗土豆需要 5 秒钟，即 0.08 分钟。将 60 颗土豆削皮所需的时间为 60 * 1.5 = 90 分钟。将 60 颗土豆切块所需的时间为 60 * 0.08 = 4.8 分钟。将削皮和切块所需的时间相加，得到 90 + 4.8 = 94.8 分钟。

答案：94.8",94.8,False,1.0,174,medium
胡安和弟弟卡洛斯正在卖柠檬水。他们每制作一加仑的柠檬水，需要用掉 3 美元的柠檬和 2 美元的糖。他们每加仑能做出 20 杯，每杯卖 0.50 美元。如果他们的利润是 25 美元，他们花了多少钱买柠檬？,15,"首先，确定胡安和卡洛斯每制作一加仑柠檬水所产生的总收入。他们每加仑能做出 20 杯，每杯卖 0.50 美元，因此每加仑的收入为 20 * 0.50 = 10 美元。由于他们制作了 n 个加仑，总收入为 10 * n 美元。

接下来，计算每制作一加仑柠檬水所需的成本。柠檬的成本为 3 美元，糖的成本为 2 美元，因此每加仑的成本为 3 + 2 = 5 美元。

每制作一加仑柠檬水的利润是总收入减去成本，即 10 - 5 = 5 美元。由于他们的总利润为 25 美元，制作 n 个加仑的总利润可以表示为 5 * n 美元。

将利润设置为 25 美元，我们得到方程 5 * n = 25。因此，n = 25 / 5 = 5。

现在，计算他们花了多少钱买柠檬。由于他们制作了 5 加仑的柠檬水，而每加仑需要 3 美元的柠檬，因此他们花了 3 * 5 = 15 美元买柠檬。

答案：15",15.0,True,1.0,175,hard
在一场 240 名亚洲人参加的比赛中，80 名是日本人，剩下的是中国人。如果中国队有 60 名男子队员，则中国队有多少名女子队员？,100,"首先，确定比赛中中国人的数量。总人数为 240 名亚洲人，其中 80 名是日本人。因此，中国人的数量为：

240 - 80 = 160 名中国人

接下来，确定中国人的数量。已知中国队有 60 名男子队员，因此中国人的数量为：

160 - 60 = 100 名中国人

最后，确定中国队中的女子队员数量。假设中国队中没有其他性别，因此中国队中的女子队员数量为：

100 - 60 = 40 名女子队员

答案：40",40.0,False,1.0,176,easy
"扎伊德用 1/4 的工资付房租，用 1/3 的工资付加油费，并将剩余工资的一半捐赠给他最喜欢的慈善机构。他给他女儿 200 美元作为每周的花销，给他妻子 700 美元作为日用品和其他家庭用品的预算。如果扎伊德每个月挣 6,000 美元，则在支付所有这些费用和捐款后，他还有多少钱？",350,"扎伊德的月工资为 6,000 美元。

1. **房租：**
   - 扎伊德用工资的 1/4 付房租。
   - 房租：\( \frac{1}{4} \times 6000 = 1500 \)。

2. **加油费：**
   - 扎伊德用工资的 1/3 付加油费。
   - 加油费：\( \frac{1}{3} \times 6000 = 2000 \)。

3. **捐赠：**
   - 扎伊德将剩余工资的一半捐赠。
   - 剩余工资：\( 6000 - (1500 + 2000) = 2500 \)。
   - 捐赠：\( \frac{1}{2} \times 2500 = 1250 \)。

4. **女儿的支出：**
   - 扎伊德给他女儿 200 美元。
   - 女儿支出：\( 200 \)。

5. **妻子的支出：**
   - 扎伊德给他妻子 700 美元。
   - 妻子支出：\( 700 \)。

6. **总支出：**
   - 总支出：\( 1500 + 2000 + 1250 + 200 + 700 = 5650 \)。

7. **剩余金额：**
   - 剩余金额：\( 6000 - 5650 = 350 \)。

答案：350",350.0,True,1.0,177,hard
拉尼比莫尼克多 10 只螃蟹。莫尼克比波少 4 只螃蟹。如果波有 40 只螃蟹，请计算三个人拥有的螃蟹的总数。,122,"莫尼克有 40 - 4 = 36 只螃蟹。
拉尼比莫尼克多 10 只螃蟹，所以她有 36 + 10 = 46 只螃蟹。
三个人拥有的螃蟹总数为 40 + 36 + 46 = 122 只。

答案：122",122.0,True,1.0,178,medium
劳埃德做数学家教每小时挣 10 美元。他第一周做家教 5 小时，第二周做家教 8 小时。他在前两周挣了多少钱？,130,"劳埃德第一周做家教 5 小时，第二周做家教 8 小时。他每小时做家教 10 美元。因此，他第一周做家教的收入为 10 美元/小时 × 5 小时 = 50 美元。他第二周做家教的收入为 10 美元/小时 × 8 小时 = 80 美元。他在前两周做家教的总收入为 50 美元 + 80 美元 = 130 美元。
答案：130",130.0,True,1.0,179,easy
在撒莱的学校，两名候选人正在竞选班级代表。如果当选者获得 3/4 的票，而且班级内投票的学生总数是 80 人，请计算落选者获得的票数。,20,"当选者获得的票数 = (3/4) * 80 = 60
落选者获得的票数 = 总票数 - 当选者获得的票数 = 80 - 60 = 20
答案：20",20.0,True,1.0,180,easy
桑德拉是拐角一家花店的店主，她对弗莱德没有完成订单配送非常不满意。桑德拉订购的红玫瑰数量是白色康乃馨的 4 倍。她还订购了 200 支粉色马蹄莲，这个数量是白色康乃馨的 5 倍。桑德拉威胁道，如果漏送的红玫瑰没有在下午 5 点前送到，她就更换供应商。为了留住桑德拉的业务，弗莱德必须在下午 5 点前送来多少支红玫瑰？,160,"设 \( W \) 为白色康乃馨的数量。问题指出，桑德拉订购的红玫瑰数量是白色康乃馨的 4 倍，因此红玫瑰的数量为 \( 4W \)。此外，她还订购了 200 支粉色马蹄莲，这个数量是白色康乃馨的 5 倍，因此粉色马蹄莲的数量为 \( 5W \)。

我们知道粉色马蹄莲的数量是 200，所以：
\[ 5W = 200 \]
解得 \( W \)：
\[ W = \frac{200}{5} = 40 \]

现在，红玫瑰的数量是白色康乃馨的 4 倍：
\[ 4W = 4 \times 40 = 160 \]

因此，弗莱德必须在下午 5 点前送来 160 支红玫瑰。

答案：160",160.0,True,1.0,181,hard
珍比马克大 2 岁。两年前，马克比让的一半岁数大 5 岁。如果让现在 30 岁，珍现在多少岁？,23,"让两年前的年龄为 30 - 5 = 25 岁。
马克两年前比让大 5 岁，即 25 + 5 = 30 岁。
两年前，马克比让大 2 岁，即 30 - 2 = 28 岁。
因此，马克现在 28 + 2 = 30 岁。
珍比马克大 2 岁，即 30 + 2 = 32 岁。
答案：32",32.0,False,1.0,182,hard
两支田径队在一场 4 乘以 400 米的接力赛上进行比赛。在这场比赛中，每支参赛队伍有 4 名队员，每个队员跑 400 米或绕着标准赛道跑一圈。在这两支队伍中，其中一队非常整齐，每位队员跑完 400 米的赛段精确到 55 秒。另一队比较不整齐，第一位选手用 60 秒跑完 400 米的赛段，然后后面每位选手都比前一位选手快 3 秒。根据这项信息，跑得比较快的参赛队多赢了几秒？,2,第一支队伍的总时间为 55 秒。第二支队伍的总时间为 60 + 3 + 3 + 3 + 3 + 3 = 63 + 3 + 3 + 3 + 3 = 63 + 18 = 81 秒。答案：20,20.0,False,1.0,183,hard
杰瑞正在摇一颗六面骰子。他摇出一个大于 3 的数字的可能性比连续摇出两个偶数的可能性大多少（以百分比表达）？,25,"### 问题分析
杰瑞正在摇一颗六面骰子，问题要求计算他摇出一个大于 3 的数字的可能性与连续摇出两个偶数的可能性的差值，并以百分比表示。

### 步骤 1：确定总事件数
六面骰子的总事件数为 \(6 \times 6 = 36\)。

### 步骤 2：计算摇出大于 3 的数字的事件数
大于 3 的数字是 4 和 5，因此有 2 个有利事件。
因此，摇出大于 3 的数字的概率是 \( \frac{2}{36} = \frac{1}{18} \)。

### 步骤 3：计算连续摇出两个偶数的事件数
偶数是 2、4 和 6，因此有 3 个有利事件。
连续摇出两个偶数的概率是 \( \frac{3}{36} = \frac{1}{12} \)。

### 步骤 4：计算概率差值
概率差值为 \( \frac{1}{18} - \frac{1}{12} = \frac{2}{36} - \frac{3}{36} = -\frac{1}{36} \)。

### 步骤 5：计算百分比差值
百分比差值为 \( \left( \frac{-\frac{1}{36}}{1} \right) \times 100\% = -2.78\% \)。

### 最终答案
由于概率差值为负数，因此没有一个事件的概率比另一个事件的概率大。因此，杰瑞摇出一个大于 3 的数字的可能性与连续摇出两个偶数的可能性的差值为 **0%**。

答案：0%",0.0,False,1.0,184,medium
詹娜和她妈妈从自家苹果园里摘了一些苹果。詹娜比她妈妈多摘了一半的苹果。如果她妈妈摘了 20 颗苹果，她们两个人摘了多少颗苹果？,30,"詹娜的妈妈摘了 20 颗苹果。詹娜比她妈妈多摘了一半的苹果，所以她摘了 20 / 2 = 10 颗苹果。总共，他们摘了 20 + 10 = 30 颗苹果。

答案：30",30.0,True,1.0,185,easy
罗素在一家宠物店工作，并且正在给啮齿动物分配秸秆。老鼠以每组相同的数量关在 3 个笼子里，每只老鼠分到 6 根秸秆。仓鼠单独关在 10 个笼子里，每只仓鼠分到 5 根秸秆。此外还有一笼兔子，它们分到了 20 根秸秆。宠物店里的任何其他地方都不使用秸秆。如果 160 根秸秆分给了小啮齿动物，每个笼子里有多少只老鼠？,5,"首先，我们知道老鼠的 3 个笼子里总共有 6 根秸秆，因此老鼠的 3 个笼子里有 6 ÷ 3 = 2 根秸秆。每只老鼠分到 6 根秸秆，因此老鼠的总数量为 2 ÷ 6 = 1/3 只老鼠。由于我们不能有分数老鼠，我们将问题简化为老鼠的数量为 0，因为这将导致 160 ÷ (3 × 2) = 160 ÷ 6 = 26.666...，但由于我们不能有分数老鼠，我们将问题简化为老鼠的数量为 0。

接下来，仓鼠的 10 个笼子里有 10 × 5 = 50 根 straw。兔子的 1 个笼子里有 20 根 straw。老鼠、仓鼠和兔子的总 straw 数量为 50 + 20 = 70 根 straw。这意味着有 160 - 70 = 90 根 straw 用于其他啮齿动物。由于老鼠和仓鼠在 3 个笼子里分到 straw，它们的总 straw 数量为 2 × 6 = 12 根 straw。因此，其他啮齿动物有 90 ÷ 12 = 7.5 个笼子。

由于我们不能有分数笼子，我们将问题简化为其他啮齿动物有 7 个笼子。老鼠、仓鼠和兔子的总笼子数量为 3 + 10 + 1 = 14 个笼子。因此，每个笼子有 7 ÷ 14 = 1/2 只老鼠。由于我们不能有分数老鼠，我们将问题简化为每个笼子有 0 只老鼠。

答案：0",0.0,False,1.0,186,medium
曼蒂欠本尼迪克特 100 美元。他们约好月利率为 2%。如果曼蒂能在 3 个月后还清欠款，她需要付给本尼迪克特多少钱？,106,"曼蒂欠本尼迪克特 100 美元，月利率为 2%。为了计算 3 个月后的还款金额，我们首先计算每月利息：100 美元的 2% 是 2 美元。因此，每月利息为 2 美元。3 个月的总利息为 2 美元 x 3 = 6 美元。加上利息，曼蒂需要支付的总金额为 100 美元 + 6 美元 = 106 美元。因此，答案是 106 美元。

答案：106",106.0,True,1.0,187,medium
一位商人以每袋 20 美元的价格从农夫手里买了几袋小麦。如果把每袋麦子从农场运到仓库要花 2 美元，而且商人在以每袋 30 美元的价格卖掉所有麦子后获得 400 美元的总利润，则他卖掉了多少袋？,50,"设 \( n \) 为商人卖出的麦袋数量。总成本为 \( 20n \) 美元，总收入为 \( 30n \) 美元。利润为 \( 400 \) 美元，因此我们可以建立如下方程：

\[
\text{总成本} + \text{利润} = \text{总收入}
\]

\[
20n + 400 = 30n
\]

从两边减去 \( 20n \)：

\[
400 = 30n - 20n
\]

\[
400 = 10n
\]

两边同时除以 10：

\[
n = \frac{400}{10} = 40
\]

答案：40",40.0,False,1.0,188,hard
三位朋友花了 20.25 美元买了 3 张游乐场门票。他们还花了比这些门票费用少 4.50 美元的钱买了食物。他们还玩了 2 次不同的游乐设施，每玩一次 33 美元。如果他们同意均摊所有费用，他们每个人要付多少钱？,34,"首先，计算门票的总费用：3 张门票 × 每张 20.25 美元 = 60.75 美元。然后，计算食物费用：60.75 美元 - 4.50 美元 = 56.25 美元。接下来，计算游乐设施的总费用：2 次 × 每项 33 美元 = 66 美元。最后，将所有费用相加：60.75 美元 + 56.25 美元 + 66 美元 = 183.00 美元。最后，将总费用除以 3 人：183.00 美元 ÷ 3 = 61.00 美元。

答案：61.00",61.0,False,1.0,189,hard
约翰摘了 3 个小时的桃子。他一分钟能摘 2 颗桃子。他摘了多少颗桃子？,360,"约翰在 3 小时内摘了 2 颗桃子/分钟 × 60 分钟/小时 × 3 小时 = 360 颗桃子。
答案：360",360.0,True,1.0,190,easy
鸭子每周要吃 3.5 磅的昆虫才能存活。如果有一群 10 只鸭子，它们每天需要多少磅昆虫？,5,"首先，确定一群 10 只鸭子每天需要多少磅昆虫。10 只鸭子 * 3.5 磅/只 = 35 磅/天。然后，将每天的总量除以天数：35 磅/天 / 7 天 = 5 磅/天。
答案：5",5.0,True,1.0,191,easy
汤姆每年种 10 棵树。他每年还砍掉 2 棵树。他从 50 棵树开始种。10 年后，30% 的树死亡。他剩下多少棵树？,91,"汤姆从 50 棵树开始。10 年后，30% 的树死亡。首先，计算死亡的树木数量：50 * 0.3 = 15 棵树。剩余树木数量为 50 - 15 = 35 棵。汤姆每年种 10 棵树，每年砍掉 2 棵树，所以净增加的树木数量为 10 - 2 = 8 棵。因此，10 年后，他剩下 35 + 8*10 = 63 棵树。

答案：63",63.0,False,1.0,192,hard
苏住在一个有趣的街区。有个周末，邻居们决定对苏恶作剧。周五上午，邻居们把 18 只粉色塑料火烈鸟放在苏的前院。周六上午，邻居们拿回三分之一的火烈鸟，把它们涂成白色，然后把这些刚涂成白色的火烈鸟放回到苏的前院。然后，周日上午，他们给这群火烈鸟中再加入 18 只粉色塑料火烈鸟。周日中午，粉色塑料火烈鸟比白色塑料火烈鸟多出多少只？,24,"让我们一步一步地分解这个问题：

1. **初始火烈鸟数量：**
   - 周五上午，苏的前院有 **18 只粉色火烈鸟**。

2. **周六上午：**
   - 邻居们拿回 **三分之一的火烈鸟**，即 \( \frac{1}{3} \times 18 = 6 \) 只。
   - 剩余火烈鸟：\( 18 - 6 = 12 \) 只。
   - 这些剩余的 **12 只火烈鸟被涂成白色**。
   - 周六上午，苏的前院有 **12 只白色火烈鸟**。

3. **周日上午：**
   - 邻居们给这群火烈鸟中再加入 **18 只粉色火烈鸟**。
   - 周日上午的总火烈鸟数量：\( 12 \text{ 只白色火烈鸟} + 18 \text{ 只新粉色火烈鸟} = 30 \text{ 只火烈鸟} \)。

4. **周日中午：**
   - 粉色火烈鸟比白色火烈鸟多 **18 只**。
   - 周日中午的粉色火烈鸟数量：\( 30 + 18 = 48 \text{ 只粉色火烈鸟} \)。

**答案：** 周日中午，粉色火烈鸟比白色火烈鸟多 18 只。",18.0,False,1.0,193,medium
维奥莱塔想买新的蜡笔。她需要 5 种不同颜色的蜡笔，并为这次购买准备了 20 美元。一支蜡笔 2 美元。她会收到多少零钱？,10,"首先，计算维奥莱塔需要购买的蜡笔的总成本：5 支蜡笔 × 2 美元/支 = 10 美元。然后，从她准备的 20 美元中减去这个总成本：20 美元 - 10 美元 = 10 美元。最后，由于一支蜡笔是 2 美元，她会收到 10 美元 ÷ 2 美元/支 = 5 支蜡笔的零钱。

答案：10",10.0,True,1.0,194,easy
一支钢笔的价格是一支铅笔和一块橡皮擦的总价。一支铅笔 1.20 美元，一块橡皮擦 0.30 美元。8 根钢笔多少钱？,12,"铅笔和橡皮擦的总价格为 1.20 美元 + 0.30 美元 = 1.50 美元。因此，1 根钢笔的价格为 1.50 美元 / 8 = 0.1875 美元。
答案：0.1875",0.1875,False,1.0,195,easy
200 磅胡萝卜要分配给某座城市的 40 家餐厅。每家餐厅会收到 2 磅胡萝卜。有多少磅胡萝卜不会用到？,120,"要确定有多少胡萝卜不会被使用，我们首先计算需要分配的胡萝卜总量，然后找出分配后剩余的胡萝卜量。

1. **计算总胡萝卜需求量：**
   - 每家餐厅需要 2 磅胡萝卜。
   - 共有 40 家餐厅。
   - 总需求量 = 40 家餐厅 × 2 磅/家餐厅 = 80 磅。

2. **计算未使用的胡萝卜量：**
   - 初始胡萝卜总量 = 200 磅。
   - 未使用的胡萝卜量 = 初始胡萝卜总量 - 总需求量。
   - 未使用的胡萝卜量 = 200 磅 - 80 磅 = 120 磅。

答案：120",120.0,True,1.0,196,easy
"在索达市，居民的确切人数是 23,786。他们包括 8,417 个男性和 9,092 个女性。其他人口由儿童构成。索达市有多少儿童？",6277,"要计算索达市的儿童人数，我们需要从总人口中减去男性和女性的总数。

**步骤 1：计算男性和女性的总人数**
男性总数 = 8,417
女性总数 = 9,092
男性和女性总数 = 8,417 + 9,092 = 17,509

**步骤 2：计算儿童人数**
总人口 = 23,786
儿童人数 = 总人口 - 男性和女性总数
儿童人数 = 23,786 - 17,509 = 6,277

答案：6277",6277.0,True,1.0,197,easy
伊莱恩最初有 20 张宝可梦卡。一个月后，她收集到这个数量的三倍。在第二个月，她收集到的卡片数量比她在第一个月收集到的卡片数量少 20 张。在第三个月，她收集到的宝可梦卡数量是她在第一个月和第二个月收集到的卡片数量总和的两倍。她现在一共有多少张宝可梦卡？,320,"伊莱恩最初有 20 张宝可梦卡。
在第一个月，她收集到了这个数量的三倍：3 * 20 = 60 张卡。
在第二个月，她收集到的卡片数量比她在第一个月收集到的卡片数量少 20 张：60 - 20 = 40 张卡。
到目前为止，她拥有：20 + 60 + 40 = 120 张卡。
在第三个月，她收集到的宝可梦卡数量是她在第一个月和第二个月收集到的卡片数量总和的两倍：2 * (20 + 40) = 2 * 60 = 120 张卡。
因此，她现在总共有：120 + 120 = 240 张宝可梦卡。

答案：240",240.0,False,1.0,198,hard
"马克是一位文字编辑。他每周为两个不同的出版商编辑相同数量的句子，而他们各以不同的每句价格付给他费用。出版商乙付给马克的费用是出版商甲支付的费用的两倍。马克每周编辑总数 1,000 个句子，出版商甲每个句子付给他 5 美分。马克每周赚多少美分？",7500,"如果马克每周编辑 1,000 个句子，出版商甲每个句子付给他 5 美分，那么他从出版商甲那里赚到的金额为 500 美分（1,000 ÷ 5 = 200 个句子/出版商，每个出版商 500 美分）。出版商乙付给他的费用是出版商甲的两倍，即每周 1,000 美分（2 × 500）。总收入为 500 + 1,000 = 1,500 美分。

答案：1500",1500.0,False,1.0,199,easy
巴尔德尔从井里打水。他每天上午打 5 桶水，每天下午打 6 桶水。如果每桶有 5 升水，他每天获得多少升水？,55,"巴尔德尔每天上午打 5 桶水，每天下午打 6 桶水，总共打 5 + 6 = 11 桶水。由于每桶有 5 升水，他每天获得的总水量为 11 桶 * 5 升/桶 = 55 升。

答案：55",55.0,True,1.0,200,easy
"约翰在工作中获奖了。这个奖项包括 5,000 美元的 1 倍现金奖励和 5% 的加薪。如果他每周赚 2,000（一年中的每周），并且他在一年中的第一天获奖，则他在这一年赚多少钱？",114200,"首先，计算奖金：5,000 美元的 1 倍现金奖励 = 5,000 美元。然后，计算加薪：5% 的加薪 = 0.05 * 2,000 美元/周 * 52 周 = 1,400 美元。最后，将现金奖励和加薪相加：5,000 美元 + 1,400 美元 = 6,400 美元。因此，约翰在这一年赚了 6,400 美元。
答案：6400",6400.0,False,1.0,201,hard
乔茜在她 10 英亩的农场里种植葡萄。每英亩每年产出 5 吨葡萄，每吨葡萄产出 2 桶葡萄酒。她的农场每年产出多少桶葡萄酒？,100,"首先，确定乔茜的农场每年产出的葡萄总产量：10 英亩 * 5 吨/英亩 = 50 吨。然后，计算每吨葡萄产出的葡萄酒总产量：50 吨 * 2 桶/吨 = 100 桶。最后，农场每年产出的葡萄酒总产量为：100 桶/吨 * 50 吨 = 5000 桶。

答案：5000",5000.0,False,1.0,202,easy
卡尔最喜欢的食物是奶酪。他这周每天吃三明治当午餐，每份三明治用 2 片奶酪。他在这周的 3 天吃奶酪和煎蛋卷当早餐，每份煎蛋卷比每份三明治多用了 1 片奶酪。他做了很大一份奶酪通心粉，当作这周的好几顿晚餐吃，并且在里面放了 8 片奶酪。他用了多少片奶酪？,31,"首先，计算卡尔在午餐中使用的奶酪片数：他每天吃三明治，3 个三明治 × 2 片奶酪/三明治 = 每天 6 片奶酪。由于他做午餐持续了整个星期（7 天），因此午餐的总用量为 6 片/天 × 7 天 = 42 片奶酪。

接下来，计算他早餐中使用的奶酪片数：他在这 3 天内每天吃煎蛋卷，煎蛋卷比三明治多用了 1 片奶酪。因此，煎蛋卷使用了 2 + 1 = 每天 3 片奶酪。在 3 天里，这相当于 3 片/天 × 3 天 = 9 片奶酪。

最后，加上通心粉的奶酪片数：卡尔在通心粉中放了 8 片奶酪。因此，总用量为 42 片（午餐）+ 9 片（早餐）+ 8 片（通心粉）= 59 片奶酪。

答案：59",59.0,False,1.0,203,hard
珍妮特有 22 根绿色笔和 10 根黄色笔。然后她买了 6 包蓝色笔和 2 包红色笔。每包蓝色笔里面有 9 根笔，每包红色笔里面有 6 根笔。珍妮特现在有多少根笔？,98,"珍妮特最初有 22 根绿色笔和 10 根黄色笔，总共 22 + 10 = 32 根笔。然后她买了 6 包蓝色笔，每包有 9 根笔，总共 6 * 9 = 54 根蓝色笔。她还买了 2 包红色笔，每包有 6 根笔，总共 2 * 6 = 12 根红色笔。将蓝色笔和红色笔加到她拥有的笔数中，我们得到 32 + 54 + 12 = 98 根笔。
答案：98",98.0,True,1.0,204,hard
布林利是伯特老师数学班的学生。伯特老师每个学期进行 6 场考试。他允许学生从每个学期的平均分中去掉最低分数。如果布林利在前五场考试中得分为 89、71、92、100 和 86，他需要在第六场考试中考到多少分才能达到平均分 93？,98,"1. 计算布林利前五场考试的平均分：
   \[
   \frac{89 + 71 + 92 + 100 + 86}{5} = \frac{438}{5} = 87.6
   \]
2. 要达到平均分 93，布林利需要在第六场考试中得分至少 93 * 6 = 558 分。
3. 从前五场考试的总分中减去最低分数（71）：
   \[
   438 - 71 = 367
   \]
4. 要达到所需的总分，布林利需要在第六场考试中得分至少：
   \[
   558 - 367 = 191
   \]
5. 计算布林利需要达到的第六场考试分数：
   \[
   \frac{191}{1} = 191
   \]
因此，布林利需要在第六场考试中得分至少 191 分。

答案：191",191.0,False,1.0,205,hard
迈克尔喜欢骑自行车。他每周至少骑 5 次，每次骑 25 公里。他这样骑了 4 周，然后他决定每周只骑自行车 2 次，但每次骑 60 公里，而且他这样骑了 3 周。迈克尔一共骑了多少公里？,860,"迈克尔在第一阶段骑了 4 周，每周 5 次，每次 25 公里。他骑了 5 × 25 × 4 = 500 公里。在第二阶段，他骑了 3 周，每周 2 次，每次 60 公里。他骑了 2 × 60 × 3 = 360 公里。总共，他骑了 500 + 360 = 860 公里。

答案：860",860.0,True,1.0,206,hard
乔的万圣节糖果包里面有 25 根巧克力棒和 80 颗糖渍苹果。每根巧克力棒的重量是每颗糖渍苹果的两倍。如果每根巧克力棒重 40 克，乔的糖果包重多少克？,2600,"首先，确定每颗糖渍苹果的重量。每根巧克力棒重 40 克，每根巧克力棒的重量是每颗糖渍苹果的两倍，因此每颗糖渍苹果重 40 克 ÷ 2 = 20 克。

接下来，计算糖渍苹果的总重量。乔的糖果包里有 80 颗糖渍苹果，每颗重 20 克，因此糖渍苹果的总重量为 80 颗 × 20 克/颗 = 1600 克。

最后，计算糖果包的总重量。乔的糖果包里有 25 根巧克力棒，每根重 40 克，因此巧克力棒的总重量为 25 根 × 40 克/根 = 1000 克。将巧克力棒的重量和糖渍苹果的重量相加，得到 1000 克 + 1600 克 = 2600 克。

答案：2600",2600.0,True,1.0,207,medium
露丝周一去商店买了 4 块蛋糕。周二她去了一家不同的商店买了之前三倍数量的蛋糕。周三她去另一家商店买了周二所购数量 5 倍的蛋糕。她三天一共买了多少蛋糕？,76,"周一，露丝买了 4 块蛋糕。
周二，她买了之前三倍数量的蛋糕，即 3 * 4 = 12 块蛋糕。
周三，她买了周二所购数量 5 倍的蛋糕，即 5 * 12 = 60 块蛋糕。
总计，她买了 4 + 12 + 60 = 76 块蛋糕。
答案：76",76.0,True,1.0,208,hard
"二十打杯子的总费用比半打盘子的总费用低 1,200 美元，每个盘子售价 6,000 美元。计算购买每个杯子的总费用。",145,"设半打盘子的总费用为 \( 6000 \times \frac{1}{2} = 3000 \) 美元。

二十打杯子的总费用比半打盘子的总费用低 1,200 美元，因此：
\[ 20 \times (x - 3000) = 1200 \]
其中 \( x \) 是每个杯子的成本。

求解 \( x \)：
\[ 20x - 60000 = 1200 \]
\[ 20x = 61200 \]
\[ x = 3060 \]

答案：3060",3060.0,False,1.0,209,hard
萨拉想给自己买一件新夹克和 2 双鞋。她想要的夹克售价 30 美元，每双鞋售价 20 美元。萨拉照看了邻居的孩子 4 次，每次照看他们赚取 5 美元。每次她修剪草坪，她的父母都会付给她 4 美元。如果萨拉在开始照看小孩之前已经存了 10 美元，她要修剪多少次草坪才能买得起夹克和鞋？,10,"首先，计算夹克和鞋的总成本：30 美元 + 2 个 20 美元 = 70 美元。然后，减去萨拉已经存下的 10 美元，以找出她还需要多少钱：70 美元 - 10 美元 = 60 美元。接下来，将萨拉每次修剪草坪的收入除以她需要的额外金额，以找出她需要修剪多少次草坪才能赚到足够的钱：60 美元 ÷ 4 美元/次 = 15 次。

答案：15",15.0,False,1.0,210,hard
杰瑞有一群鸡。红鸡每天下 3 个蛋，白鸡每天下 5 个蛋。杰瑞每天收集 42 个鸡蛋。如果他的白鸡比红鸡多两只，他有多少只红鸡？,4,"设 \( r \) 为红鸡的数量，\( w \) 为白鸡的数量。

根据题目：
- 红鸡每天下 3 个蛋。
- 白鸡每天下 5 个蛋。
- 杰瑞每天收集 42 个鸡蛋。
- 他的白鸡比红鸡多两只，即 \( w = r + 2 \)。

红鸡每天下 \( 3r \) 个蛋，白鸡每天下 \( 5w \) 个蛋。因此，鸡蛋总数为：
\[ 3r + 5w = 42 \]

将 \( w = r + 2 \) 代入方程：
\[ 3r + 5(r + 2) = 42 \]
\[ 3r + 5r + 10 = 42 \]
\[ 8r + 10 = 42 \]
\[ 8r = 32 \]
\[ r = 4 \]

因此，杰瑞有 **4** 只红鸡。

答案：4",4.0,True,1.0,211,hard
加里喜欢沿着当地公园的边缘散步，这是一座 1.5 英里乘 6 英里的矩形公园。如果他以 3 英里/小时的速度散步，他散步花了多少小时？,5,"首先，计算公园的周长：
周长 = 2 * (长度 + 宽度) = 2 * (1.5 英里 + 6 英里) = 2 * 7.5 英里 = 15 英里。

接下来，确定加里散步的总距离：
总距离 = 周长 = 15 英里。

最后，计算他散步所花费的时间：
时间 = 距离 / 速度 = 15 英里 / 3 英里/小时 = 5 小时。

答案：5",5.0,True,1.0,212,easy
在一美元商店，斯隆数了数，有 100 位顾客进入了这家店。第二天，她数了数，到店人数比第一天多了 50。如果到第三天为止顾客总数是 500，第三天有多少位顾客到店？,250,"设 x 为第一天到店的顾客人数。根据题目描述，第二天到店的顾客人数比第一天多了 50，即 2x + 50。第三天到店的顾客总数是 500。因此，我们可以建立方程：x + (2x + 50) + 3d = 500，其中 d 是第三天到店的顾客人数。

简化方程：3x + 50 + d = 500。解出 d，我们得到 d = (500 - 50) / 3 = 250 / 3 = 83.33。

由于顾客人数必须是整数，我们可以将 250 / 3 向下舍入到 83。这意味着第三天有 83 位顾客到店。

答案：83",83.0,False,1.0,213,hard
杰瑞有两座水池，均有缺口，都以 4 加仑/分钟的速度将其排空。4 分钟前，大水池的水量是小水池的两倍。现在大水池的水量是小水池的四倍。小水池里现在有多少水？,8,"设 S 为小水池最初的水量，L 为大水池最初的水量。

4 分钟后，小水池将损失 4S 升水，而大水池将损失 4L 升水。由于两座水池的排空速度相同，因此我们有：

4S - 4L = 4

由于大水池的水量是小水池的两倍，因此 4 分钟后，L = 2S。

将 L = 2S 代入方程 4S - 4L = 4，我们得到：

4S - 4(2S) = 4
4S - 8S = 4
-4S = 4
S = -1

这意味着小水池最初有 1 加仑的水，而大水池有 2 加仑的水。

现在，大水池的水量是小水池的四倍，因此大水池有 4 加仑的水，而小水池有 1 加仑的水。

答案：4",4.0,False,1.0,214,hard
洛莉想买一双 320.00 美元的鞋子和一条 32.00 美元的配套皮带。她的兼职工作每小时挣 8.00 美元。她需要工作多少小时才能购买？,44,"洛莉需要购买的总费用为 320.00 美元 + 32.00 美元 = 352.00 美元。她每小时工作 8.00 美元，因此她需要工作 352.00 美元 / 8.00 美元 = 44 小时才能购买。

答案：44",44.0,True,1.0,215,easy
"珍妮丝借了 2,000 美元并承诺额外返还该金额的 10%。如果她打算 12 个月每月支付 165 美元，到那时珍妮丝剩余的欠款为多少？",220,"珍妮丝借了 2,000 美元，并承诺额外返还该金额的 10%。这意味着她需要额外返还 2,000 美元的 10%，即 2,000 美元 * 0.10 = 200 美元。因此，她需要总共偿还 2,000 美元 + 200 美元 = 2,200 美元。她将每月偿还 165 美元，持续 12 个月，总计 165 美元 * 12 = 1,980 美元。因此，到那时，她将剩余的欠款为 2,200 美元 - 1,980 美元 = 220 美元。
答案：220",220.0,True,1.0,216,hard
花瓶里有 4 朵玫瑰。花瓶里的大丽花比玫瑰多 7 朵。花瓶里共有多少朵花？,15,"花瓶里有 4 朵玫瑰。大丽花比玫瑰多 7 朵，所以有 4 + 7 = 11 朵大丽花。总共有 4 + 11 = 15 朵花。

答案：15",15.0,True,1.0,217,easy
阿德里安的年龄是哈丽特年龄的三倍，哈丽特的年龄是扎克的一半。如果哈丽特现在 21 岁，计算三年之后这三个人的平均年龄。,45,"首先，确定阿德里安的年龄。阿德里安的年龄是哈丽特年龄的三倍，而哈丽特的年龄是扎克的一半。由于哈丽特现在 21 岁，我们可以计算出扎克的年龄：扎克的年龄 = 2 * 21 = 42。

接下来，计算三年后的年龄：
- 阿德里安的年龄：3 + 3 = 6
- 哈丽特的年龄：21 + 3 = 24
- 扎克的年龄：42 + 3 = 45

现在，计算平均年龄：
平均年龄 = (6 + 24 + 45) / 3 = 75 / 3 = 25

答案：25",25.0,False,1.0,218,hard
四名学生在一场棋盘游戏中一共获得了 251 分。娜奥米得了 68 分。尤里的得分比娜奥米的一半多 10 分，布里安娜比娜奥米多得了 17 分。乔乔得了多少分？,54,"让我们一步一步地解决这个问题：

1. **确定娜奥米的得分：**
   - 娜奥米得了 68 分。

2. **计算尤里的得分：**
   - 尤里的得分比娜奥米的一半多 10 分。
   - 娜奥米的得分的一半是 \( \frac{68}{2} = 34 \)。
   - 因此，尤里的得分是 \( 34 + 10 = 44 \)。

3. **计算布里安娜的得分：**
   - 布里安娜比娜奥米多得了 17 分。
   - 因此，布里安娜的得分是 \( 68 + 17 = 85 \)。

4. **计算四名学生总得分：**
   - 四名学生总得分是 251 分。
   - 娜奥米的得分、尤里的得分和布里安娜的得分的总和是 \( 68 + 44 + 85 = 197 \)。
   - 乔乔的得分是总得分减去其他三名学生的得分：\( 251 - 197 = 54 \)。

**答案：** 54",54.0,True,1.0,219,hard
卡门完成一个填字游戏需要 10 分钟，完成一个数独游戏需要 5 分钟。周末她完成了 3 个填字游戏和 8 个数独游戏。她玩这些游戏花了多少时间？,70,"首先，计算完成填字游戏的总时间：3 个填字游戏 × 每个填字游戏 10 分钟 = 30 分钟。然后，计算完成数独游戏的总时间：8 个数独游戏 × 每个数独游戏 5 分钟 = 40 分钟。最后，将这两个时间相加，得到总时间：30 分钟 + 40 分钟 = 70 分钟。

答案：70",70.0,True,1.0,220,easy
一个水箱装有 120 升水。席琳用水箱里的 90 升水给她的小花园浇水。她之后收集到剩余水量两倍的雨水。现在水箱里有多少升水？,90,"水箱最初装有 120 升水。席琳用水箱里的 90 升水浇水，所以剩余水量为 120 - 90 = 30 升。席琳之后收集到剩余水量两倍的雨水，即 2 * 30 = 60 升。将雨水加到剩余水量中，总水量变为 30 + 60 = 90 升。

答案：90",90.0,True,1.0,221,medium
安迪种了 90 株天竺葵和比天竺葵少 40 株的矮牵牛花。他一共种了多少株花？,140,"安迪种了 90 株天竺葵。矮牵牛花的数量是天竺葵数量的 90 - 40 = 50 株。将天竺葵和矮牵牛花的数量相加，得到 90 + 50 = 140 株。

答案：140",140.0,True,1.0,222,easy
"一家公司一年花了 15,000 美元在广告上，又花了该金额的三分之一在另一年的广告上。这家公司这两年花在广告上的总金额是多少？",20000,"该公司在第一年花费了 15,000 美元。在第二年，该公司花费了 15,000 美元的三分之一，即 15,000 美元 / 3 = 5,000 美元。这两年花在广告上的总金额为 15,000 美元 + 5,000 美元 = 20,000 美元。

答案：20000",20000.0,True,1.0,223,easy
卡洛斯和本吉在海滩上。卡洛斯以每小时 30 美元的价格租了一艘独木舟，本吉以每小时 18 美元的价格租了一艘香蕉船筏。如果卡洛斯用船 3 小时，本吉用筏 5 小时，他们一共要付多少租金？,180,"卡洛斯的总租金为 30 美元/小时 × 3 小时 = 90 美元。 本吉的总租金为 18 美元/小时 × 5 小时 = 90 美元。 总共，他们支付的租金为 90 美元 + 90 美元 = 180 美元。

答案：180",180.0,True,1.0,224,easy
安德鲁计划一场从新泽西前往罗切斯特的公路旅行。乘坐公共汽车从新泽西到罗切斯特需要 6 天，开车所需天数则为其一半。如果他打算乘坐公共汽车去罗切斯特，然后从罗切斯特开车回来，他要旅行多少天？,9,"乘坐公共汽车从新泽西到罗切斯特需要 6 天，开车所需天数为 6 / 2 = 3 天。乘坐公共汽车从罗切斯特返回新泽西需要 6 天。因此，安德鲁的总旅行时间为 6 + 3 + 6 = 15 天。

答案：15",15.0,False,1.0,225,medium
詹姆斯正在数他的宝可梦卡牌。他有 30 张火系、20 张草系和 40 张水系。如果他丢失了 8 张水系且购买了 14 张草系，一张随机选择的卡牌为水系的几率是多少（四舍五入到最接近的整数）？,33,"詹姆斯最初有 40 张水系卡牌，并丢失了 8 张，因此他还有 40 - 8 = 32 张 systemic 卡牌。他最初有 30 张火系卡牌和 20 张草系卡牌，总共 30 + 20 = 50 张非 systemic 卡牌。詹姆斯购买了 14 张草系卡牌，因此他现在有 14 张草系卡牌和 32 张 systemic 卡牌，总共 14 + 32 = 46 张非 Systemic 卡牌。他现在有 40 + 14 = 54 张 Systemic 卡牌和 46 张非 Systemic 卡牌，总共 54 + 46 = 100 张卡牌。他的 Systemic 卡牌数量为 32 T，非 Systemic 卡牌数量为 54 T。随机选择的卡牌为 Systemic 的几率是 Systemic 卡牌数量除以总卡牌数量，即 32/100 = 0.32。转换为百分比，0.32 等于 32%。四舍五入到最接近的整数，这等于 32%。

答案：32%",32.0,False,1.0,226,hard
查德点了一个自制卷饼当午餐。基础卷饼为 6.50 美元。他额外添加了 2.00 美元的肉、1.00 美元的奶酪、1.00 美元的牛油果和 2 份各 0.25 美元的酱汁。他决定多花 3.00 美元升级自己的餐点，添加薯条和一份饮料。他有一张价值 5.00 美元的礼品卡可在结账时使用。他还需付多少？,9,"首先，计算基础卷饼的总成本：6.50 美元 + 2.00 美元 + 1.00 美元 + 1.00 美元 + 0.50 美元 = 10.00 美元（四舍五入到小数点后两位）。

然后，计算升级餐点的成本：10.00 美元 + 3.00 美元 = 13.00 美元。

接下来，计算礼品卡的余额：5.00 美元 - 13.00 美元 = -8.00 美元。

由于余额为负数，这意味着查德的礼品卡不足以支付餐点，他需要额外支付 8.00 美元才能支付餐点。

答案：8.00 美元",8.0,False,1.0,227,hard
凯琳达正和她的妈妈一起拼一幅 360 块的拼图。凯琳达正常情况下每分钟可以拼好 4 块。她妈妈每分钟可以拼好的块数通常为凯琳达的一半。她们拼好这幅拼图需要多少小时？,1,"凯琳达每分钟可以拼好的块数为 4 块，她妈妈每分钟可以拼好的块数通常为凯琳达的一半，因此她的妈妈每分钟可以拼好的块数为 2 块。一起，她们每分钟可以拼好的总块数为 4 + 2 = 6 块。由于拼图有 360 块，因此他们拼好这幅拼图需要 360 / 6 = 60 分钟。将 60 分钟转换为小时，我们得到 60 / 60 = 1 小时。

答案：1",1.0,True,1.0,228,medium
一间西瓜农场结了 120 个小西瓜。阿什琳两个月后去了这间农场，发现 30% 的西瓜已经可以摘了，所以她把它们带回了家。当她两周后回来时，剩下的瓜中有 3/4 都熟了，所以她把它们都摘了。这两周后有多少瓜还没有成熟？,21,"阿什琳在农场发现了 120 个西瓜中的 30%，即 0.3 * 120 = 36 个西瓜。她把这些西瓜带回了家，农场里还剩下 120 - 36 = 84 个西瓜。在阿什琳回来两周后，剩下的 84 个西瓜中有 3/4 都熟了，即 3/4 * 84 = 63 个西瓜。她把这些成熟的水果都摘了，所以农场里还剩下 84 - 63 = 21 个西瓜还没有成熟。

答案：21",21.0,True,1.0,229,hard
"马克为他的公司买了一支由 12 辆车组成的车队。每辆车售价 20,000 美元。他为这些车付了 10% 的税，又为每辆车交了 1,000 美元的注册费。他为这一切花了多少钱？",276000,"首先，计算税前总成本：12 辆车 × 20,000 美元/辆 = 240,000 美元。然后，计算 10% 的增值税：240,000 美元的 10% = 24,000 美元。添加注册费：24,000 美元 + 1,000 美元 = 25,000 美元。答案：25000",25000.0,False,1.0,230,hard
凯莉和罗伯特喜欢去海滩收集贝壳。周一，凯莉比罗伯特多收集了 5 枚贝壳，罗伯特收集了 20 枚贝壳。周二，凯莉收集的贝壳比她周一收集的多出 2 倍。凯莉周二收集了多少贝壳？,50,"罗伯特周一收集了 20 枚贝壳。凯莉比罗伯特多收集了 5 枚贝壳，所以凯莉周一收集了 20 + 5 = 25 枚贝壳。周二，凯莉收集的贝壳比她周一收集的多出 2 倍，所以凯莉周二收集了 25 * 2 = 50 枚贝壳。

答案：50",50.0,True,1.0,231,easy
达克斯去他们的农场摘苹果，发现花园里的虫子数量是蚂蚁的一半。如果有 50 只蚂蚁，计算花园里昆虫的总数。,75,"蚂蚁的数量是虫子数量的一半，因此虫子数量是 50 的两倍，即 100 只昆虫。达克斯发现有 50 只蚂蚁和 100 只虫子，总共有 50 + 100 = 150 只昆虫。

答案：150",150.0,False,1.0,232,easy
有 36 只企鹅在雪地里晒太阳。其中三分之一跳入海中游泳。另外三分之一进入洞穴进食。还有多少企鹅在晒太阳？,12,"企鹅最初有 36 只。跳入海中游泳的企鹅人数为 36 ÷ 3 = 12。进入洞穴进食的企鹅人数为 36 ÷ 3 = 12。游泳和进食的企鹅总数为 12 + 12 = 24。减去这个数字后，剩下的企鹅数量为 36 - 24 = 12。

答案：12",12.0,True,1.0,233,easy
史蒂夫决定开始吃更多番茄，并决定自己种植小番茄。他吃的是他女朋友的两倍。他每天吃 6 个。如果一根藤蔓每周能结 3 个番茄，他需要多少根藤蔓？,21,"史蒂夫每天吃 6 个番茄，他吃的是他女朋友的两倍，所以他的女朋友每天吃 6 / 2 = 3 个番茄。总共，他们每天吃 6 + 3 = 9 个番茄。一周内，他们吃 9 * 7 = 63 个番茄。一根藤蔓每周能结 3 个番茄，所以他们需要 63 / 3 = 21 根藤蔓。

答案：21",21.0,True,1.0,234,medium
约翰点了一些披萨和他的朋友分享。一共有 20 位朋友，约翰想确保每个人都能吃到 4 块。披萨只能切成 8 块出售。约翰需要点多少披萨？,10,"要确定约翰需要点多少披萨，我们首先计算出 20 位朋友所需的披萨总块数：20 位朋友 × 每位朋友 4 块 = 80 块。由于每块披萨只能切成 8 块出售，因此我们将总块数除以每块披萨的块数：80 块 ÷ 每块 8 块 = 10 块。因此，约翰需要点 **10** 块披萨。

答案：10",10.0,True,1.0,235,medium
拉姆使用很多钢笔。他发现他可以通过将五支空钢笔的墨水混合做成一支满墨的钢笔来省钱。如果他买了 25 支钢笔，然后在墨水快用完时用它们来制作新的钢笔，他会获得多少支满墨的钢笔？,31,"拉姆最初有 25 支钢笔。他使用五支空钢笔制作一支满墨的钢笔。因此，他可以制作 25 ÷ 5 = 5 支满墨的钢笔。

答案：5",5.0,False,1.0,236,medium
约翰尼拿了 20 美元的零用钱，又在这基础上加了 10 美元。然后他将这笔钱用于投资，一年内涨到了原来的三倍。一年后他有多少钱？,90,"首先，约翰尼拿了 20 美元的零用钱，又加了 10 美元，总共是 20 + 10 = 30 美元。然后，他将这笔钱用于投资，一年内涨到了原来的三倍。这意味着他的投资增长了 30 * 3 = 90 美元。因此，一年后，他有 30 + 90 = 120 美元。

答案：120",120.0,False,1.0,237,medium
玛丽比琼小两岁，琼比杰莎大五岁。如果杰莎 20 岁，这三个女孩的年龄总和是多少？,68,"首先，我们知道杰莎 20 岁。玛丽比琼小两岁，所以玛丽的年龄是 20 - 2 = 18 岁。琼比杰莎大五岁，所以琼的年龄是 20 + 5 = 25 岁。最后，我们将三个女孩的年龄相加：18 + 20 + 25 = 63。

答案：63",63.0,False,1.0,238,easy
"一间学校礼堂里的学生人数为 1,000。礼堂有 3 个入口 A、B 和 C，同时也充当出口。如果在一次会议后，30% 的学生从 A 出口出去了，剩下的有 3/5 从 B 出口出去了，余下的从 C 出口出去了，计算从 C 出口出去的学生人数。",280,"首先，确定从 A 出口出去的学生人数：1,000 的 30% = 0.30 * 1,000 = 300 学生从 A 出口出去。

接下来，计算从 B 出口出去的学生人数：剩下的学生人数为 1,000 - 300 = 700。剩下的有 3/5 从 B 出口出去：(3/5) * 700 = 420 学生从 B 出口出去。

最后，确定从 C 出口出去的学生人数：从 A 和 B 出口出去的学生人数总计为 300 + 420 = 720。学生总数为 1,000，因此从 C 出口出去的学生人数为 1,000 - 720 = 280。

答案：280",280.0,True,1.0,239,medium
詹姆斯比罗伯特多 6 块糖果。约翰的糖果是罗伯特的两倍。如果约翰有 54 块糖果，约翰比詹姆斯多多少块糖果？,21,"让我们一步一步地解决这个问题。

1. **确定罗伯特拥有的糖果数量：**
   - 约翰的糖果是罗伯特的两倍。
   - 约翰有 54 块糖果，所以罗伯特有 \( \frac{54}{2} = 27 \) 块糖果。

2. **确定詹姆斯拥有的糖果数量：**
   - 詹姆斯比罗伯特多 6 块糖果。
   - 罗伯特有 27 块糖果，所以詹姆斯有 \( 27 + 6 = 33 \) 块糖果。

3. **计算约翰和詹姆斯之间的糖果数量差：**
   - 约翰有 54 块糖果，詹姆斯有 33 块糖果。
   - 差值为 \( 54 - 33 = 21 \)。

**答案：** 21",21.0,True,1.0,240,hard
多莉有两本书。潘多拉有一本。如果多莉和潘多拉都读对方的书和自己的书，到最后她们一共会读多少本书？,6,"多莉有 2 本书，潘多拉有 1 本。当多莉读潘多拉的书时，她读了 1 本。当潘多拉读多莉的书时，她读了 2 本。因此，她们一共读了 1 + 2 = 3 本书。

答案：3",3.0,False,1.0,241,easy
迈克曾是 5 个人的笔友。他和其中 2 个不再是笔友了。他们每个人每周寄 2 封 5 页长的信。他以相同的方式回应。他每 6 分钟能写一页。他一周花多少小时写信？,3,"迈克最初有 5 个笔友，每人每周寄 2 封 5 页的信，总共为 5 × 2 × 5 = 50 页。2 个笔友不再是笔友，所以现在迈克有 3 个笔友。

对于每封信，迈克写 5 页，每人每周寄 2 封信，所以迈克每周写 3 × 5 × 2 = 30 页。

迈克每 6 分钟写一页，因此他每周写 30 / 6 = 5 小时。

答案：5",5.0,False,1.0,242,hard
"杰森每月有 1,000 分钟的手机套餐。他每天都要和老板打 15 分钟的电话，这个月他已经与其他人额外通话了 300 分钟。如果这个月有 30 天，杰森还剩多少分钟？",250,"1. 计算杰森在 30 天内的总通话时间：
   15 分钟/天 * 30 天 = 450 分钟
2. 计算杰森在整个月内通话的总时间：
   450 分钟（工作）+ 300 分钟（额外）= 750 分钟
3. 从套餐总分钟数中减去通话总分钟数：
   1,000 分钟 - 750 分钟 = 250 分钟

答案：250",250.0,True,1.0,243,medium
格里芬有 24 根薯条，但是凯尔拿了其中 5 根。比利拿的是凯尔的两倍。金杰给了格里芬一把她的薯条，然后科尔比从格里芬那里拿了比凯尔所拿数量少 3 根的薯条。如果最后格里芬有 27 根薯条，金杰给了格里芬多少根薯条？,20,"格里芬最初有 24 根薯条。凯尔拿了 5 根，所以格里芬还剩下 24 - 5 = 19 根。比利拿的是凯尔的两倍，即 2 * 5 = 10 根。格里芬现在有 19 + 10 = 29 根。科尔比拿了比凯尔少 3 根的薯条，即 5 - 3 = 2 根。格里芬现在有 29 - 2 = 27 根薯条。金杰给了格里芬一把她的薯条，这意味着她给了格里芬 27 根 + 27 根 = 54 根薯条。因此，金杰给了格里芬 54 - 27 = 27 根薯条。

答案：27",27.0,False,1.0,244,hard
一个水族箱里有 4 只蜗牛，另一个水族箱里有 32 只蜗牛。这两个水族箱里的蜗牛数量之差是两个水族箱里鱼数量的两倍。如果两个水族箱里鱼的数量相同，每个水族箱里有多少条鱼？,7,"设每个水族箱里有 x 条鱼。

第一个水族箱有 4 只蜗牛，第二个水族箱有 32 只蜗牛。蜗牛数量之差为 \(32 - 4 = 28\)。根据题目，这个差值是两个水族箱里鱼数量的两倍，因此我们有方程：

\[
2 \times (2x) = 28
\]

简化后得到：

\[
4x = 28
\]

求解 \(x\)，我们将两边同时除以 4：

\[
x = 7
\]

因此，每个水族箱里有 7 条鱼。

答案：7",7.0,True,1.0,245,hard
珍的化妆师每小时收费 250 美元。她参演的一部电影需要非常昂贵的化妆品，每天要花 6 个小时化妆，她一周要化妆 4 次。这部电影需要 5 周拍完。电影拍完后，化妆师给了珍 10% 的折扣，因为工作量很大。珍付了多少钱？,27000,"首先，计算珍在化妆师服务上花费的总小时数：每天 6 小时 × 4 天/周 × 5 周 = 120 小时。然后，将该总数乘以化妆师的每小时 tarif：120 小时 × 250 美元/小时 = 30,000 美元。接下来，计算折扣金额：30,000 美元的 10% = 3,000 美元。最后，从总费用中减去折扣金额，以得出珍实际支付的金额：30,000 美元 - 3,000 美元 = 27,000 美元。
答案：27000",27000.0,True,1.0,246,hard
伊莎贝尔为她妹妹的生日派对买了派对用品。她花 12 美元买了蛋糕的原材料，43 美元买了生日礼物，15 美元买了装饰品，4 美元买了邀请函，22 美元买了派对客人的礼品袋。她和父母三人平摊费用。每人付了多少美元？,32,"要计算每人支付的金额，请先计算派对用品的总成本：12 美元（蛋糕）+ 43 美元（礼物）+ 15 美元（装饰品）+ 4 美元（邀请函）+ 22 美元（礼品袋）= 96 美元。将总成本除以 4（伊莎贝尔和父母的总人数）：96 美元 ÷ 4 = 24 美元。因此，每人支付了 24 美元。

答案：24",24.0,False,1.0,247,medium
一位厨师买了 4 袋洋葱。每袋重 50 磅。一磅洋葱售价 1.50 美元。这位厨师花了多少钱？,300,"首先，计算洋葱的总重量：4 袋 * 50 磅/袋 = 200 磅。然后，计算总成本：200 磅 * 1.50 美元/磅 = 300 美元。
答案：300",300.0,True,1.0,248,easy
周一，苏吃的饼干是她妹妹的 4 倍。周二，她吃的饼干是她妹妹的两倍。她妹妹周一吃了 5 块饼干，第二天吃了 13 块。如果 1 块饼干含有 200 卡路里，苏比她妹妹多摄入了多少卡路里？,5600,"**推理步骤：**

1. **确定苏妹妹的摄入量：**
   - 苏妹妹周一吃了 5 块，周二吃了 13 块。
   - 苏妹妹的总摄入量：\(5 + 13 = 18\) 块。

2. **计算苏妹妹的摄入卡路里：**
   - 每块饼干 200 卡路里。
   - 苏妹妹摄入的卡路里：\(18 \times 200 = 3600\) 卡路里。

3. **计算苏妹妹的摄入量：**
   - 周一，苏妹妹吃了 4 倍于妹妹的饼干量。
   - 苏妹妹的摄入量：\(4 \times 5 = 20\) 块。

4. **计算苏妹妹的摄入卡路里：**
   - 苏妹妹摄入的卡路里：\(20 \times 200 = 4000\) 卡路里。

5. **计算摄入量差：**
   - 苏妹妹摄入的卡路里减去妹妹的摄入卡路里：
   \[
   4000 - 3600 = 400
   \]

**答案：** 400",400.0,False,1.0,249,hard
